firma,url,audience_codes
exxomove GmbH,https://www.exxomove.de/,"{""primary"": ""X_HORIZ"", ""secondary"": [""X_SME""], ""explanation"": ""This is a test response from the placeholder LLM.""}"
Blipack AG,blipack.ch,"{""primary"": ""X_HORIZ"", ""secondary"": [""X_SME""], ""explanation"": ""This is a test response from the placeholder LLM.""}"
SATLOG GmbH,satlog.de,"{""primary"": ""X_HORIZ"", ""secondary"": [""X_SME""], ""explanation"": ""This is a test response from the placeholder LLM.""}"
Seeburger AG,seeburger.de,"{""primary"": ""X_HORIZ"", ""secondary"": [""X_SME""], ""explanation"": ""This is a test response from the placeholder LLM.""}"
Kalmeda,www.kalmeda.de,"{""primary"": ""X_HORIZ"", ""secondary"": [""X_SME""], ""explanation"": ""This is a test response from the placeholder LLM.""}"
Reconizer,https://recogizer.com/de/,"{""primary"": ""X_HORIZ"", ""secondary"": [""X_SME""], ""explanation"": ""This is a test response from the placeholder LLM.""}"
swissplast,swissplast.com,"{""primary"": ""X_HORIZ"", ""secondary"": [""X_SME""], ""explanation"": ""This is a test response from the placeholder LLM.""}"
Hasslacher,https://www.hasslacher.com/,"{""primary"": ""X_HORIZ"", ""secondary"": [""X_SME""], ""explanation"": ""This is a test response from the placeholder LLM.""}"
Wolf Verpackungen GmbH,wolf-verpackungen.de,"{""primary"": ""X_HORIZ"", ""secondary"": [""X_SME""], ""explanation"": ""This is a test response from the placeholder LLM.""}"
Opta data Gruppe,optadata-gruppe.de,"{""primary"": ""X_HORIZ"", ""secondary"": [""X_SME""], ""explanation"": ""This is a test response from the placeholder LLM.""}"
CargoBeamer,www.cargobeamer.com,"{""primary"": ""X_HORIZ"", ""secondary"": [""X_SME""], ""explanation"": ""This is a test response from the placeholder LLM.""}"
DATAflor AG,dataflor.de,"{""primary"": ""X_HORIZ"", ""secondary"": [""X_SME""], ""explanation"": ""This is a test response from the placeholder LLM.""}"
Digital medical Academy,https://dmaonline.de/,"{""primary"": ""X_HORIZ"", ""secondary"": [""X_SME""], ""explanation"": ""This is a test response from the placeholder LLM.""}"
Paul Kläs GmbH,paul-klaes.de,"{""primary"": ""X_HORIZ"", ""secondary"": [""X_SME""], ""explanation"": ""This is a test response from the placeholder LLM.""}"
aedifion,aedifion.com,"{""primary"": ""X_HORIZ"", ""secondary"": [""X_SME""], ""explanation"": ""This is a test response from the placeholder LLM.""}"
eye concept GmbH,eye-concept.de,"{""primary"": ""X_HORIZ"", ""secondary"": [""X_SME""], ""explanation"": ""This is a test response from the placeholder LLM.""}"
NetBAU  SIDOUN International GmbH,sidoun.de,"{""primary"": ""X_HORIZ"", ""secondary"": [""X_SME""], ""explanation"": ""This is a test response from the placeholder LLM.""}"
Planforge GmbH,planforge.io,"{""primary"": ""X_HORIZ"", ""secondary"": [""X_SME""], ""explanation"": ""This is a test response from the placeholder LLM.""}"
Notarberater,notarberater.de,"{""primary"": ""X_HORIZ"", ""secondary"": [""X_SME""], ""explanation"": ""This is a test response from the placeholder LLM.""}"
sennder,www.sennder.com,"{""primary"": ""X_HORIZ"", ""secondary"": [""X_SME""], ""explanation"": ""This is a test response from the placeholder LLM.""}"
PASS Logistics Solutions AG,pass-consulting.com,"{""primary"": ""X_HORIZ"", ""secondary"": [""X_SME""], ""explanation"": ""This is a test response from the placeholder LLM.""}"
Camunda GmbH,camunda.com,"{""primary"": ""X_HORIZ"", ""secondary"": [""X_SME""], ""explanation"": ""This is a test response from the placeholder LLM.""}"
Hawk AI,hawk.ai,"{""primary"": ""X_HORIZ"", ""secondary"": [""X_SME""], ""explanation"": ""This is a test response from the placeholder LLM.""}"
Signavio,https://www.signavio.com/de/,"{""primary"": ""X_HORIZ"", ""secondary"": [""X_SME""], ""explanation"": ""This is a test response from the placeholder LLM.""}"
SCOOTTRAIN,https://www.scoottrain.com/,"{""primary"": ""X_HORIZ"", ""secondary"": [""X_SME""], ""explanation"": ""This is a test response from the placeholder LLM.""}"
contractix,www.contractix.de,"{""primary"": ""X_HORIZ"", ""secondary"": [""X_SME""], ""explanation"": ""This is a test response from the placeholder LLM.""}"
NotarPartner,notarpartner.de,"{""primary"": ""X_HORIZ"", ""secondary"": [""X_SME""], ""explanation"": ""This is a test response from the placeholder LLM.""}"
BioMed X GmbH,bmedx.com,"{""primary"": ""X_HORIZ"", ""secondary"": [""X_SME""], ""explanation"": ""This is a test response from the placeholder LLM.""}"
pharmaserv,pharmaserv.de,"{""primary"": ""X_HORIZ"", ""secondary"": [""X_SME""], ""explanation"": ""This is a test response from the placeholder LLM.""}"
Deeprag,https://www.deprag.com/,"{""primary"": ""X_HORIZ"", ""secondary"": [""X_SME""], ""explanation"": ""This is a test response from the placeholder LLM.""}"
Manner,https://www.manner.com,"{""primary"": ""X_HORIZ"", ""secondary"": [""X_SME""], ""explanation"": ""This is a test response from the placeholder LLM.""}"
plan net,https://www.plan-net.com/de/,"{""primary"": ""X_HORIZ"", ""secondary"": [""X_SME""], ""explanation"": ""This is a test response from the placeholder LLM.""}"
Aforms,https://www.aforms.com/,"{""primary"": ""X_HORIZ"", ""secondary"": [""X_SME""], ""explanation"": ""This is a test response from the placeholder LLM.""}"
Solarisbank AG,solarisbank.com,"{""primary"": ""X_HORIZ"", ""secondary"": [""X_SME""], ""explanation"": ""This is a test response from the placeholder LLM.""}"
BIM4You,bib-gmbh.de,"{""primary"": ""X_HORIZ"", ""secondary"": [""X_SME""], ""explanation"": ""This is a test response from the placeholder LLM.""}"
PflegeNet,pflegenet.de,"{""primary"": ""X_HORIZ"", ""secondary"": [""X_SME""], ""explanation"": ""This is a test response from the placeholder LLM.""}"
BTL Medizintechnik GmbH,https://www.btlmed.de/,"{""primary"": ""X_HORIZ"", ""secondary"": [""X_SME""], ""explanation"": ""This is a test response from the placeholder LLM.""}"
Commercetools GmbH,commercetools.com,"{""primary"": ""X_HORIZ"", ""secondary"": [""X_SME""], ""explanation"": ""This is a test response from the placeholder LLM.""}"
Endel,endel.io,"{""primary"": ""X_HORIZ"", ""secondary"": [""X_SME""], ""explanation"": ""This is a test response from the placeholder LLM.""}"
Brumba,brumaba.de,"{""primary"": ""X_HORIZ"", ""secondary"": [""X_SME""], ""explanation"": ""This is a test response from the placeholder LLM.""}"
Sarna Plastec AG,sarna-plastec.ch,"{""primary"": ""X_HORIZ"", ""secondary"": [""X_SME""], ""explanation"": ""This is a test response from the placeholder LLM.""}"
ToolSense GmbH,https://toolsense.io/,"{""primary"": ""X_HORIZ"", ""secondary"": [""X_SME""], ""explanation"": ""This is a test response from the placeholder LLM.""}"
Xerox GmbH,xerox.de,"{""primary"": ""X_HORIZ"", ""secondary"": [""X_SME""], ""explanation"": ""This is a test response from the placeholder LLM.""}"
DIGI-BEL,digi-bel.de,"{""primary"": ""X_HORIZ"", ""secondary"": [""X_SME""], ""explanation"": ""This is a test response from the placeholder LLM.""}"
myCortex,mycortex.de,"{""primary"": ""X_HORIZ"", ""secondary"": [""X_SME""], ""explanation"": ""This is a test response from the placeholder LLM.""}"
Bernstein,https://www.bernstein.eu/,"{""primary"": ""X_HORIZ"", ""secondary"": [""X_SME""], ""explanation"": ""This is a test response from the placeholder LLM.""}"
aforms2web,https://www.aforms2web.com,"{""primary"": ""X_HORIZ"", ""secondary"": [""X_SME""], ""explanation"": ""This is a test response from the placeholder LLM.""}"
LeanIX,https://www.leanix.net/de/,"{""primary"": ""X_HORIZ"", ""secondary"": [""X_SME""], ""explanation"": ""This is a test response from the placeholder LLM.""}"
ebiga-VISION GmbH,ebiga-vision.com,"{""primary"": ""X_HORIZ"", ""secondary"": [""X_SME""], ""explanation"": ""This is a test response from the placeholder LLM.""}"
Beglaubigt.de,beglaubigt.de,"{""primary"": ""X_HORIZ"", ""secondary"": [""X_SME""], ""explanation"": ""This is a test response from the placeholder LLM.""}"
Integral,www.integral.com,"{""primary"": ""X_HORIZ"", ""secondary"": [""X_SME""], ""explanation"": ""This is a test response from the placeholder LLM.""}"
Secunet Security Networks AG,secunet.com,"{""primary"": ""X_HORIZ"", ""secondary"": [""X_SME""], ""explanation"": ""This is a test response from the placeholder LLM.""}"
Thielemann Group,www.thielemann-group.com,"{""primary"": ""X_HORIZ"", ""secondary"": [""X_SME""], ""explanation"": ""This is a test response from the placeholder LLM.""}"
Air Code,https://www.aircode.de/,"{""primary"": ""X_HORIZ"", ""secondary"": [""X_SME""], ""explanation"": ""This is a test response from the placeholder LLM.""}"
Schrack Seconet AG,schrack-seconet.com,"{""primary"": ""X_HORIZ"", ""secondary"": [""X_SME""], ""explanation"": ""This is a test response from the placeholder LLM.""}"
Uberblick.io,uberblick.io,"{""primary"": ""X_HORIZ"", ""secondary"": [""X_SME""], ""explanation"": ""This is a test response from the placeholder LLM.""}"
NOAH (Westernacher Solutions GmbH),noah-notariatssoftware.de,"{""primary"": ""X_HORIZ"", ""secondary"": [""X_SME""], ""explanation"": ""This is a test response from the placeholder LLM.""}"
PlanOrg,planorg.de,"{""primary"": ""X_HORIZ"", ""secondary"": [""X_SME""], ""explanation"": ""This is a test response from the placeholder LLM.""}"
FEURER Porsiplast GmbH,feurer.com,"{""primary"": ""X_HORIZ"", ""secondary"": [""X_SME""], ""explanation"": ""This is a test response from the placeholder LLM.""}"
Panat Laptool GmbH,https://panat-laptool.de/,"{""primary"": ""X_HORIZ"", ""secondary"": [""X_SME""], ""explanation"": ""This is a test response from the placeholder LLM.""}"
UnTouch,untouch.de,"{""primary"": ""X_HORIZ"", ""secondary"": [""X_SME""], ""explanation"": ""This is a test response from the placeholder LLM.""}"
PTV Group,ptvgroup.com,"{""primary"": ""X_HORIZ"", ""secondary"": [""X_SME""], ""explanation"": ""This is a test response from the placeholder LLM.""}"
AsstrA,www.asstra.de,"{""primary"": ""X_HORIZ"", ""secondary"": [""X_SME""], ""explanation"": ""This is a test response from the placeholder LLM.""}"
BRF Verpackungen GmbH & Co. KG,blisterverpackung-nrw.de,"{""primary"": ""X_HORIZ"", ""secondary"": [""X_SME""], ""explanation"": ""This is a test response from the placeholder LLM.""}"
Pricefx,https://www.pricefx.com/,"{""primary"": ""X_HORIZ"", ""secondary"": [""X_SME""], ""explanation"": ""This is a test response from the placeholder LLM.""}"
SobIT GmbH,sobit.at,"{""primary"": ""X_HORIZ"", ""secondary"": [""X_SME""], ""explanation"": ""This is a test response from the placeholder LLM.""}"
qado,qado.de,"{""primary"": ""X_HORIZ"", ""secondary"": [""X_SME""], ""explanation"": ""This is a test response from the placeholder LLM.""}"
Candis GmbH,candis.io,"{""primary"": ""X_HORIZ"", ""secondary"": [""X_SME""], ""explanation"": ""This is a test response from the placeholder LLM.""}"
FrachtGefährten,frachtgefaehrten.de,"{""primary"": ""X_HORIZ"", ""secondary"": [""X_SME""], ""explanation"": ""This is a test response from the placeholder LLM.""}"
DeepDrive,www.deepdrive.tech,"{""primary"": ""X_HORIZ"", ""secondary"": [""X_SME""], ""explanation"": ""This is a test response from the placeholder LLM.""}"
notarity,https://notarity.com,"{""primary"": ""X_HORIZ"", ""secondary"": [""X_SME""], ""explanation"": ""This is a test response from the placeholder LLM.""}"
Alugha GmbH,alugha.com,"{""primary"": ""X_HORIZ"", ""secondary"": [""X_SME""], ""explanation"": ""This is a test response from the placeholder LLM.""}"
Davitec GmbH,davitec.de,"{""primary"": ""X_HORIZ"", ""secondary"": [""X_SME""], ""explanation"": ""This is a test response from the placeholder LLM.""}"
auxalia,auxalia.com,"{""primary"": ""X_HORIZ"", ""secondary"": [""X_SME""], ""explanation"": ""This is a test response from the placeholder LLM.""}"
Inhubber GmbH,www.inhubber.com,"{""primary"": ""X_HORIZ"", ""secondary"": [""X_SME""], ""explanation"": ""This is a test response from the placeholder LLM.""}"
Novartis Deutschland,novartis.de,"{""primary"": ""X_HORIZ"", ""secondary"": [""X_SME""], ""explanation"": ""This is a test response from the placeholder LLM.""}"
medidoc,medidoc.de,"{""primary"": ""X_HORIZ"", ""secondary"": [""X_SME""], ""explanation"": ""This is a test response from the placeholder LLM.""}"
ELO Digital Office GmbH,elo.com,"{""primary"": ""X_HORIZ"", ""secondary"": [""X_SME""], ""explanation"": ""This is a test response from the placeholder LLM.""}"
Block Optic Design GmbH,block-optic.com,"{""primary"": ""X_HORIZ"", ""secondary"": [""X_SME""], ""explanation"": ""This is a test response from the placeholder LLM.""}"
Cambrium,cambrium.bio,"{""primary"": ""X_HORIZ"", ""secondary"": [""X_SME""], ""explanation"": ""This is a test response from the placeholder LLM.""}"
health learning,https://health-learning.ch/,"{""primary"": ""X_HORIZ"", ""secondary"": [""X_SME""], ""explanation"": ""This is a test response from the placeholder LLM.""}"
Heinrich Buhl GmbH,heinrich-buhl.de,"{""primary"": ""X_HORIZ"", ""secondary"": [""X_SME""], ""explanation"": ""This is a test response from the placeholder LLM.""}"
Pro-Bau/S® AddOne,probau-s.de,"{""primary"": ""X_HORIZ"", ""secondary"": [""X_SME""], ""explanation"": ""This is a test response from the placeholder LLM.""}"
innloft,https://innoloft.com/de,"{""primary"": ""X_HORIZ"", ""secondary"": [""X_SME""], ""explanation"": ""This is a test response from the placeholder LLM.""}"
packVerde,pack-verde.com,"{""primary"": ""X_HORIZ"", ""secondary"": [""X_SME""], ""explanation"": ""This is a test response from the placeholder LLM.""}"
Smart-Store GmbH,smart-store.de,"{""primary"": ""X_HORIZ"", ""secondary"": [""X_SME""], ""explanation"": ""This is a test response from the placeholder LLM.""}"
Bluebeam,https://www.bluebeam.com/de,"{""primary"": ""X_HORIZ"", ""secondary"": [""X_SME""], ""explanation"": ""This is a test response from the placeholder LLM.""}"
HERO,https://hero-software.de/,"{""primary"": ""X_HORIZ"", ""secondary"": [""X_SME""], ""explanation"": ""This is a test response from the placeholder LLM.""}"
synedra information technologies GmbH,synedra.com,"{""primary"": ""X_HORIZ"", ""secondary"": [""X_SME""], ""explanation"": ""This is a test response from the placeholder LLM.""}"
Herma GmbH,herma.de,"{""primary"": ""X_HORIZ"", ""secondary"": [""X_SME""], ""explanation"": ""This is a test response from the placeholder LLM.""}"
Crif,https://www.crif.de,"{""primary"": ""X_HORIZ"", ""secondary"": [""X_SME""], ""explanation"": ""This is a test response from the placeholder LLM.""}"
Stammaum,www.stumbaum.com,"{""primary"": ""X_HORIZ"", ""secondary"": [""X_SME""], ""explanation"": ""This is a test response from the placeholder LLM.""}"
Acotherm GmbH,https://www.acotherm.de,"{""primary"": ""X_HORIZ"", ""secondary"": [""X_SME""], ""explanation"": ""This is a test response from the placeholder LLM.""}"
Confiserieauer,https://www.confiserieauer.ch,"{""primary"": ""X_HORIZ"", ""secondary"": [""X_SME""], ""explanation"": ""This is a test response from the placeholder LLM.""}"
UltiHash,ultihash.io,"{""primary"": ""X_HORIZ"", ""secondary"": [""X_SME""], ""explanation"": ""This is a test response from the placeholder LLM.""}"
Claus Mayer Verpackungen,pm-mayer.de,"{""primary"": ""X_HORIZ"", ""secondary"": [""X_SME""], ""explanation"": ""This is a test response from the placeholder LLM.""}"
Orderlion,orderlion.com,"{""primary"": ""X_HORIZ"", ""secondary"": [""X_SME""], ""explanation"": ""This is a test response from the placeholder LLM.""}"
med3 GmbH,med3.de,"{""primary"": ""X_HORIZ"", ""secondary"": [""X_SME""], ""explanation"": ""This is a test response from the placeholder LLM.""}"
frischli Milchwerke GmbH,frischli.de,"{""primary"": ""X_HORIZ"", ""secondary"": [""X_SME""], ""explanation"": ""This is a test response from the placeholder LLM.""}"
Commercetools,https://commercetools.com/de/,"{""primary"": ""X_HORIZ"", ""secondary"": [""X_SME""], ""explanation"": ""This is a test response from the placeholder LLM.""}"
humanvision ag,humanvision.ch,"{""primary"": ""X_HORIZ"", ""secondary"": [""X_SME""], ""explanation"": ""This is a test response from the placeholder LLM.""}"
Right Point GmbH,rightpoint.de,"{""primary"": ""X_HORIZ"", ""secondary"": [""X_SME""], ""explanation"": ""This is a test response from the placeholder LLM.""}"
NEVARIS,https://www.nevaris.com/de,"{""primary"": ""X_HORIZ"", ""secondary"": [""X_SME""], ""explanation"": ""This is a test response from the placeholder LLM.""}"
Freshfoodz,freshfoodz.de,"{""primary"": ""X_HORIZ"", ""secondary"": [""X_SME""], ""explanation"": ""This is a test response from the placeholder LLM.""}"
JobRouter AG,jobrouter.com,"{""primary"": ""X_HORIZ"", ""secondary"": [""X_SME""], ""explanation"": ""This is a test response from the placeholder LLM.""}"
Digando,www.digando.com,"{""primary"": ""X_HORIZ"", ""secondary"": [""X_SME""], ""explanation"": ""This is a test response from the placeholder LLM.""}"
SOFTAGE,softage.de,"{""primary"": ""X_HORIZ"", ""secondary"": [""X_SME""], ""explanation"": ""This is a test response from the placeholder LLM.""}"
Alpah Zukunft,https://www.alphazukunft.com/,"{""primary"": ""X_HORIZ"", ""secondary"": [""X_SME""], ""explanation"": ""This is a test response from the placeholder LLM.""}"
Valtech,https://www.valtech.com/,"{""primary"": ""X_HORIZ"", ""secondary"": [""X_SME""], ""explanation"": ""This is a test response from the placeholder LLM.""}"
wissner-bosserhoff GmbH,wi-bo.de,"{""primary"": ""X_HORIZ"", ""secondary"": [""X_SME""], ""explanation"": ""This is a test response from the placeholder LLM.""}"
Thyssenkrupp Materials Services,thyssenkrupp-materials-services.com,"{""primary"": ""X_HORIZ"", ""secondary"": [""X_SME""], ""explanation"": ""This is a test response from the placeholder LLM.""}"
Contentful GmbH,contentful.com,"{""primary"": ""X_HORIZ"", ""secondary"": [""X_SME""], ""explanation"": ""This is a test response from the placeholder LLM.""}"
SMC,https://www.smc.eu/de-de,"{""primary"": ""X_HORIZ"", ""secondary"": [""X_SME""], ""explanation"": ""This is a test response from the placeholder LLM.""}"
Fritz Ruck Ophthalmologische Systeme GmbH,https://ruck-gmbh.de/,"{""primary"": ""X_HORIZ"", ""secondary"": [""X_SME""], ""explanation"": ""This is a test response from the placeholder LLM.""}"
Notarius,notarius.legal,"{""primary"": ""X_HORIZ"", ""secondary"": [""X_SME""], ""explanation"": ""This is a test response from the placeholder LLM.""}"
GRÜN Software Group GmbH,gruen.net,"{""primary"": ""X_HORIZ"", ""secondary"": [""X_SME""], ""explanation"": ""This is a test response from the placeholder LLM.""}"
Rhenus Home Delivery,www.rhenus.group,"{""primary"": ""X_HORIZ"", ""secondary"": [""X_SME""], ""explanation"": ""This is a test response from the placeholder LLM.""}"
SoftwarePartner GmbH,softwarepartner.net,"{""primary"": ""X_HORIZ"", ""secondary"": [""X_SME""], ""explanation"": ""This is a test response from the placeholder LLM.""}"
Wingcopter GmbH,www.wingcopter.com,"{""primary"": ""X_HORIZ"", ""secondary"": [""X_SME""], ""explanation"": ""This is a test response from the placeholder LLM.""}"
Sparck,https://sparcktechnologies.com/de,"{""primary"": ""X_HORIZ"", ""secondary"": [""X_SME""], ""explanation"": ""This is a test response from the placeholder LLM.""}"
BeneVit Gruppe,www.benevit.net,"{""primary"": ""X_HORIZ"", ""secondary"": [""X_SME""], ""explanation"": ""This is a test response from the placeholder LLM.""}"
Temedica GmbH,temedica.com,"{""primary"": ""X_HORIZ"", ""secondary"": [""X_SME""], ""explanation"": ""This is a test response from the placeholder LLM.""}"
IQfy GmbH,iqfy.de,"{""primary"": ""X_HORIZ"", ""secondary"": [""X_SME""], ""explanation"": ""This is a test response from the placeholder LLM.""}"
Eyetec GmbH,eyetec.com,"{""primary"": ""X_HORIZ"", ""secondary"": [""X_SME""], ""explanation"": ""This is a test response from the placeholder LLM.""}"
Dr. Schumacher GmbH,schumacher-online.com,"{""primary"": ""X_HORIZ"", ""secondary"": [""X_SME""], ""explanation"": ""This is a test response from the placeholder LLM.""}"
Cozero,https://www.cozero.io/,"{""primary"": ""X_HORIZ"", ""secondary"": [""X_SME""], ""explanation"": ""This is a test response from the placeholder LLM.""}"
RIB eVergabe  RIB Software GmbH,rib-software.com,"{""primary"": ""X_HORIZ"", ""secondary"": [""X_SME""], ""explanation"": ""This is a test response from the placeholder LLM.""}"
AM GmbH,am-gmbh.de,"{""primary"": ""X_HORIZ"", ""secondary"": [""X_SME""], ""explanation"": ""This is a test response from the placeholder LLM.""}"
mernatix,https://www.merantix.com/,"{""primary"": ""X_HORIZ"", ""secondary"": [""X_SME""], ""explanation"": ""This is a test response from the placeholder LLM.""}"
HOWDEN,https://www.howdengroup.com/,"{""primary"": ""X_HORIZ"", ""secondary"": [""X_SME""], ""explanation"": ""This is a test response from the placeholder LLM.""}"
Foobar,www.foobar.agency/de,"{""primary"": ""X_HORIZ"", ""secondary"": [""X_SME""], ""explanation"": ""This is a test response from the placeholder LLM.""}"
RNA,https://rna.de/de/,"{""primary"": ""X_HORIZ"", ""secondary"": [""X_SME""], ""explanation"": ""This is a test response from the placeholder LLM.""}"
NovoSign GmbH,novosign.de,"{""primary"": ""X_HORIZ"", ""secondary"": [""X_SME""], ""explanation"": ""This is a test response from the placeholder LLM.""}"
Va-Q-tec AG,www.va-q-tec.com,"{""primary"": ""X_HORIZ"", ""secondary"": [""X_SME""], ""explanation"": ""This is a test response from the placeholder LLM.""}"
Service-Bund GmbH & Co. KG,servicebund.de,"{""primary"": ""X_HORIZ"", ""secondary"": [""X_SME""], ""explanation"": ""This is a test response from the placeholder LLM.""}"
SVG Rehasysteme GmbH,https://www.svg-rehasysteme.de/,"{""primary"": ""X_HORIZ"", ""secondary"": [""X_SME""], ""explanation"": ""This is a test response from the placeholder LLM.""}"
Staffbase,https://staffbase.com/de/,"{""primary"": ""X_HORIZ"", ""secondary"": [""X_SME""], ""explanation"": ""This is a test response from the placeholder LLM.""}"
Teuscher,https://www.teuscher.com/,"{""primary"": ""X_HORIZ"", ""secondary"": [""X_SME""], ""explanation"": ""This is a test response from the placeholder LLM.""}"
KUMAVISION AG,kumavision.com,"{""primary"": ""X_HORIZ"", ""secondary"": [""X_SME""], ""explanation"": ""This is a test response from the placeholder LLM.""}"
Moving Intelligence GmbH,movingintelligence.de,"{""primary"": ""X_HORIZ"", ""secondary"": [""X_SME""], ""explanation"": ""This is a test response from the placeholder LLM.""}"
Projektron GmbH,projektron.de,"{""primary"": ""X_HORIZ"", ""secondary"": [""X_SME""], ""explanation"": ""This is a test response from the placeholder LLM.""}"
DocuWare GmbH,bahesmartwork.de,"{""primary"": ""X_HORIZ"", ""secondary"": [""X_SME""], ""explanation"": ""This is a test response from the placeholder LLM.""}"
Bihl Wiedemann,https://www.bihl-wiedemann.de/de/,"{""primary"": ""X_HORIZ"", ""secondary"": [""X_SME""], ""explanation"": ""This is a test response from the placeholder LLM.""}"
SmartLoC,https://www.smartloc.de/,"{""primary"": ""X_HORIZ"", ""secondary"": [""X_SME""], ""explanation"": ""This is a test response from the placeholder LLM.""}"
AI VERGABEMANAGER  Administration Intelligence AG,ai-ag.de,"{""primary"": ""X_HORIZ"", ""secondary"": [""X_SME""], ""explanation"": ""This is a test response from the placeholder LLM.""}"
amarea,https://www.amarea.de/,"{""primary"": ""X_HORIZ"", ""secondary"": [""X_SME""], ""explanation"": ""This is a test response from the placeholder LLM.""}"
Doka,www.doka.com,"{""primary"": ""X_HORIZ"", ""secondary"": [""X_SME""], ""explanation"": ""This is a test response from the placeholder LLM.""}"
FinTecSystems,https://www.fintecsystems.com/de/,"{""primary"": ""X_HORIZ"", ""secondary"": [""X_SME""], ""explanation"": ""This is a test response from the placeholder LLM.""}"
KORA GmbH,kora.at,"{""primary"": ""X_HORIZ"", ""secondary"": [""X_SME""], ""explanation"": ""This is a test response from the placeholder LLM.""}"
ITRIS,www.itris.ch,"{""primary"": ""X_HORIZ"", ""secondary"": [""X_SME""], ""explanation"": ""This is a test response from the placeholder LLM.""}"
1stQuad Solutions AG,1stquad.com,"{""primary"": ""X_HORIZ"", ""secondary"": [""X_SME""], ""explanation"": ""This is a test response from the placeholder LLM.""}"
Optica Abrechnungszentrum Dr. Güldener GmbH,https://www.optica.de/,"{""primary"": ""X_HORIZ"", ""secondary"": [""X_SME""], ""explanation"": ""This is a test response from the placeholder LLM.""}"
Oxyle,oxyle.ch,"{""primary"": ""X_HORIZ"", ""secondary"": [""X_SME""], ""explanation"": ""This is a test response from the placeholder LLM.""}"
DM7 stationär,dm7-software.de,"{""primary"": ""X_HORIZ"", ""secondary"": [""X_SME""], ""explanation"": ""This is a test response from the placeholder LLM.""}"
Menutech GmbH,https://menutech.com/de/,"{""primary"": ""X_HORIZ"", ""secondary"": [""X_SME""], ""explanation"": ""This is a test response from the placeholder LLM.""}"
Bachmann Forming AG,bachmann-kunststoff-verpackungen.ch,"{""primary"": ""X_HORIZ"", ""secondary"": [""X_SME""], ""explanation"": ""This is a test response from the placeholder LLM.""}"
FleetGO GmbH,fleetgo.de,"{""primary"": ""X_HORIZ"", ""secondary"": [""X_SME""], ""explanation"": ""This is a test response from the placeholder LLM.""}"
Qdrant,qdrant.tech,"{""primary"": ""X_HORIZ"", ""secondary"": [""X_SME""], ""explanation"": ""This is a test response from the placeholder LLM.""}"
Ondo sense,https://ondosense.com/,"{""primary"": ""X_HORIZ"", ""secondary"": [""X_SME""], ""explanation"": ""This is a test response from the placeholder LLM.""}"
click worker,www.clickworker.com,"{""primary"": ""X_HORIZ"", ""secondary"": [""X_SME""], ""explanation"": ""This is a test response from the placeholder LLM.""}"
Helferportal,www.helferportal.de,"{""primary"": ""X_HORIZ"", ""secondary"": [""X_SME""], ""explanation"": ""This is a test response from the placeholder LLM.""}"
editho AG,editho.de,"{""primary"": ""X_HORIZ"", ""secondary"": [""X_SME""], ""explanation"": ""This is a test response from the placeholder LLM.""}"
SÜDPACK Medica AG,suedpack-medica.com,"{""primary"": ""X_HORIZ"", ""secondary"": [""X_SME""], ""explanation"": ""This is a test response from the placeholder LLM.""}"
Concular,www.concular.de,"{""primary"": ""X_HORIZ"", ""secondary"": [""X_SME""], ""explanation"": ""This is a test response from the placeholder LLM.""}"
Havi Logistics,www.havi.com,"{""primary"": ""X_HORIZ"", ""secondary"": [""X_SME""], ""explanation"": ""This is a test response from the placeholder LLM.""}"
BK Vital,https://www.bkvital.de/,"{""primary"": ""X_HORIZ"", ""secondary"": [""X_SME""], ""explanation"": ""This is a test response from the placeholder LLM.""}"
Lisios,lisios.de,"{""primary"": ""X_HORIZ"", ""secondary"": [""X_SME""], ""explanation"": ""This is a test response from the placeholder LLM.""}"
Thimm Group GmbH + Co. KG,thimm.com,"{""primary"": ""X_HORIZ"", ""secondary"": [""X_SME""], ""explanation"": ""This is a test response from the placeholder LLM.""}"
BMI Deutschland GmbH,www.bmigroup.com/de,"{""primary"": ""X_HORIZ"", ""secondary"": [""X_SME""], ""explanation"": ""This is a test response from the placeholder LLM.""}"
Neura Robotics,www.neura-robotics.com,"{""primary"": ""X_HORIZ"", ""secondary"": [""X_SME""], ""explanation"": ""This is a test response from the placeholder LLM.""}"
BauWatch,www.bauwatch.de,"{""primary"": ""X_HORIZ"", ""secondary"": [""X_SME""], ""explanation"": ""This is a test response from the placeholder LLM.""}"
abc cross media GmbH,abccrossmedia.com,"{""primary"": ""X_HORIZ"", ""secondary"": [""X_SME""], ""explanation"": ""This is a test response from the placeholder LLM.""}"
Wirthwein AG,www.wirthwein.de,"{""primary"": ""X_HORIZ"", ""secondary"": [""X_SME""], ""explanation"": ""This is a test response from the placeholder LLM.""}"
Flavura GmbH,flavura.de,"{""primary"": ""X_HORIZ"", ""secondary"": [""X_SME""], ""explanation"": ""This is a test response from the placeholder LLM.""}"
GastroSmart GmbH,https://www.gastro-smart.com/,"{""primary"": ""X_HORIZ"", ""secondary"": [""X_SME""], ""explanation"": ""This is a test response from the placeholder LLM.""}"
Jina AI,jina.ai,"{""primary"": ""X_HORIZ"", ""secondary"": [""X_SME""], ""explanation"": ""This is a test response from the placeholder LLM.""}"
plano WFM,plano-wfm.com,"{""primary"": ""X_HORIZ"", ""secondary"": [""X_SME""], ""explanation"": ""This is a test response from the placeholder LLM.""}"
Heidelberger Druckmaschinen AG,https://www.heidelberg.com/global/de/index.jsp,"{""primary"": ""X_HORIZ"", ""secondary"": [""X_SME""], ""explanation"": ""This is a test response from the placeholder LLM.""}"
Anwaltssoftware.net,anwaltssoftware.net,"{""primary"": ""X_HORIZ"", ""secondary"": [""X_SME""], ""explanation"": ""This is a test response from the placeholder LLM.""}"
SimplifyU,simplifyu.de,"{""primary"": ""X_HORIZ"", ""secondary"": [""X_SME""], ""explanation"": ""This is a test response from the placeholder LLM.""}"
Propster,www.propster.tech,"{""primary"": ""X_HORIZ"", ""secondary"": [""X_SME""], ""explanation"": ""This is a test response from the placeholder LLM.""}"
C&S Computer und Software GmbH,cs-ag.de,"{""primary"": ""X_HORIZ"", ""secondary"": [""X_SME""], ""explanation"": ""This is a test response from the placeholder LLM.""}"
Atheneum,https://www.atheneum.ai/,"{""primary"": ""X_HORIZ"", ""secondary"": [""X_SME""], ""explanation"": ""This is a test response from the placeholder LLM.""}"
GREEN IT Das Systemhaus GmbH,greenit-dp.solutions,"{""primary"": ""X_HORIZ"", ""secondary"": [""X_SME""], ""explanation"": ""This is a test response from the placeholder LLM.""}"
Weissenseer Holz-System-Bau GmbH,www.weissenseer.com,"{""primary"": ""X_HORIZ"", ""secondary"": [""X_SME""], ""explanation"": ""This is a test response from the placeholder LLM.""}"
mybits.ai,mybits.ai,"{""primary"": ""X_HORIZ"", ""secondary"": [""X_SME""], ""explanation"": ""This is a test response from the placeholder LLM.""}"
Streiff & Helmold GmbH,streiff.de,"{""primary"": ""X_HORIZ"", ""secondary"": [""X_SME""], ""explanation"": ""This is a test response from the placeholder LLM.""}"
easygov,https://www.easygov.swiss,"{""primary"": ""X_HORIZ"", ""secondary"": [""X_SME""], ""explanation"": ""This is a test response from the placeholder LLM.""}"
Creditreform,https://www.creditreform.de,"{""primary"": ""X_HORIZ"", ""secondary"": [""X_SME""], ""explanation"": ""This is a test response from the placeholder LLM.""}"
Aidhere GmbH,aidhere.com,"{""primary"": ""X_HORIZ"", ""secondary"": [""X_SME""], ""explanation"": ""This is a test response from the placeholder LLM.""}"
medondo AG,medondo.com,"{""primary"": ""X_HORIZ"", ""secondary"": [""X_SME""], ""explanation"": ""This is a test response from the placeholder LLM.""}"
xpertour GmbH,xpertour.de,"{""primary"": ""X_HORIZ"", ""secondary"": [""X_SME""], ""explanation"": ""This is a test response from the placeholder LLM.""}"
G&W Software AG,gw-software.de,"{""primary"": ""X_HORIZ"", ""secondary"": [""X_SME""], ""explanation"": ""This is a test response from the placeholder LLM.""}"
Elaine Technologies GmbH,elaine.io,"{""primary"": ""X_HORIZ"", ""secondary"": [""X_SME""], ""explanation"": ""This is a test response from the placeholder LLM.""}"
Graphitsoft,https://graphisoft.com/de/archicad,"{""primary"": ""X_HORIZ"", ""secondary"": [""X_SME""], ""explanation"": ""This is a test response from the placeholder LLM.""}"
Spryker,https://spryker.com/de/,"{""primary"": ""X_HORIZ"", ""secondary"": [""X_SME""], ""explanation"": ""This is a test response from the placeholder LLM.""}"
iDWELL,idwell.com,"{""primary"": ""X_HORIZ"", ""secondary"": [""X_SME""], ""explanation"": ""This is a test response from the placeholder LLM.""}"
Birdie,birdie.care,"{""primary"": ""X_HORIZ"", ""secondary"": [""X_SME""], ""explanation"": ""This is a test response from the placeholder LLM.""}"
TOMEY GmbH,tomey.de,"{""primary"": ""X_HORIZ"", ""secondary"": [""X_SME""], ""explanation"": ""This is a test response from the placeholder LLM.""}"
Vectorworks,www.vectorworks.net/de,"{""primary"": ""X_HORIZ"", ""secondary"": [""X_SME""], ""explanation"": ""This is a test response from the placeholder LLM.""}"
Payuca GmbH,www.payuca.com,"{""primary"": ""X_HORIZ"", ""secondary"": [""X_SME""], ""explanation"": ""This is a test response from the placeholder LLM.""}"
Rehadapt Engineering GmbH,rehadapt.com,"{""primary"": ""X_HORIZ"", ""secondary"": [""X_SME""], ""explanation"": ""This is a test response from the placeholder LLM.""}"
Tractus Team GmbH,tractus.info,"{""primary"": ""X_HORIZ"", ""secondary"": [""X_SME""], ""explanation"": ""This is a test response from the placeholder LLM.""}"
hanf im glück,https://hanf-im-glueck.shop/,"{""primary"": ""X_HORIZ"", ""secondary"": [""X_SME""], ""explanation"": ""This is a test response from the placeholder LLM.""}"
Multipac Verpackungen GmbH,multipac.de,"{""primary"": ""X_HORIZ"", ""secondary"": [""X_SME""], ""explanation"": ""This is a test response from the placeholder LLM.""}"
BetterReply GmbH,better-reply.de,"{""primary"": ""X_HORIZ"", ""secondary"": [""X_SME""], ""explanation"": ""This is a test response from the placeholder LLM.""}"
Kellergroup,kellergroup.de,"{""primary"": ""X_HORIZ"", ""secondary"": [""X_SME""], ""explanation"": ""This is a test response from the placeholder LLM.""}"
Pyramid Computer GmbH,pyramid-computer.com,"{""primary"": ""X_HORIZ"", ""secondary"": [""X_SME""], ""explanation"": ""This is a test response from the placeholder LLM.""}"
Planstack,www.planstack.de,"{""primary"": ""X_HORIZ"", ""secondary"": [""X_SME""], ""explanation"": ""This is a test response from the placeholder LLM.""}"
ID Information und Dokumentation im Gesundheitswesen GmbH & Co. KGaA,id-berlin.de,"{""primary"": ""X_HORIZ"", ""secondary"": [""X_SME""], ""explanation"": ""This is a test response from the placeholder LLM.""}"
Oxyle,www.oxyle.ch,"{""primary"": ""X_HORIZ"", ""secondary"": [""X_SME""], ""explanation"": ""This is a test response from the placeholder LLM.""}"
biocon Medizintechnik GmbH,biocon-online.de,"{""primary"": ""X_HORIZ"", ""secondary"": [""X_SME""], ""explanation"": ""This is a test response from the placeholder LLM.""}"
SECO S.p.A.,seco.com,"{""primary"": ""X_HORIZ"", ""secondary"": [""X_SME""], ""explanation"": ""This is a test response from the placeholder LLM.""}"
intratool GmbH,https://www.intratool.de/,"{""primary"": ""X_HORIZ"", ""secondary"": [""X_SME""], ""explanation"": ""This is a test response from the placeholder LLM.""}"
Recup,https://recup.de/,"{""primary"": ""X_HORIZ"", ""secondary"": [""X_SME""], ""explanation"": ""This is a test response from the placeholder LLM.""}"
Tool Sesne,https://toolsense.io/de/,"{""primary"": ""X_HORIZ"", ""secondary"": [""X_SME""], ""explanation"": ""This is a test response from the placeholder LLM.""}"
webid-solution,https://www.webid-solutions.de,"{""primary"": ""X_HORIZ"", ""secondary"": [""X_SME""], ""explanation"": ""This is a test response from the placeholder LLM.""}"
OPHEO Solutions GmbH,opheo.com,"{""primary"": ""X_HORIZ"", ""secondary"": [""X_SME""], ""explanation"": ""This is a test response from the placeholder LLM.""}"
Pflegeprozessmanager,pflegeprozessmanager.de,"{""primary"": ""X_HORIZ"", ""secondary"": [""X_SME""], ""explanation"": ""This is a test response from the placeholder LLM.""}"
Seven Vending,seven-vending.com,"{""primary"": ""X_HORIZ"", ""secondary"": [""X_SME""], ""explanation"": ""This is a test response from the placeholder LLM.""}"
mobiloclean Handelsgruppe GmbH & Co. KG,mobiloclean.de,"{""primary"": ""X_HORIZ"", ""secondary"": [""X_SME""], ""explanation"": ""This is a test response from the placeholder LLM.""}"
Syntegon Technology GmbH,syntegon.com,"{""primary"": ""X_HORIZ"", ""secondary"": [""X_SME""], ""explanation"": ""This is a test response from the placeholder LLM.""}"
matchory,www.matchory.com,"{""primary"": ""X_HORIZ"", ""secondary"": [""X_SME""], ""explanation"": ""This is a test response from the placeholder LLM.""}"
Brickwise,www.brickwise.at,"{""primary"": ""X_HORIZ"", ""secondary"": [""X_SME""], ""explanation"": ""This is a test response from the placeholder LLM.""}"
Kwikset,www.kwikset.de,"{""primary"": ""X_HORIZ"", ""secondary"": [""X_SME""], ""explanation"": ""This is a test response from the placeholder LLM.""}"
1Komma5° GmbH,www.1komma5grad.com,"{""primary"": ""X_HORIZ"", ""secondary"": [""X_SME""], ""explanation"": ""This is a test response from the placeholder LLM.""}"
gilspa,https://www.glispa.com/,"{""primary"": ""X_HORIZ"", ""secondary"": [""X_SME""], ""explanation"": ""This is a test response from the placeholder LLM.""}"
rexroth,https://www.boschrexroth.com/,"{""primary"": ""X_HORIZ"", ""secondary"": [""X_SME""], ""explanation"": ""This is a test response from the placeholder LLM.""}"
Security Robotics GmbH,security-robotics.de,"{""primary"": ""X_HORIZ"", ""secondary"": [""X_SME""], ""explanation"": ""This is a test response from the placeholder LLM.""}"
BauMaster,https://bau-master.com/,"{""primary"": ""X_HORIZ"", ""secondary"": [""X_SME""], ""explanation"": ""This is a test response from the placeholder LLM.""}"
DeskFlex Inc.,deskflex.com,"{""primary"": ""X_HORIZ"", ""secondary"": [""X_SME""], ""explanation"": ""This is a test response from the placeholder LLM.""}"
Confinerie bosch,https://www.confiserie-bosch.de/,"{""primary"": ""X_HORIZ"", ""secondary"": [""X_SME""], ""explanation"": ""This is a test response from the placeholder LLM.""}"
Schülke & Mayr GmbH,schuelke.com,"{""primary"": ""X_HORIZ"", ""secondary"": [""X_SME""], ""explanation"": ""This is a test response from the placeholder LLM.""}"
PflegeOffice,pflegeoffice.de,"{""primary"": ""X_HORIZ"", ""secondary"": [""X_SME""], ""explanation"": ""This is a test response from the placeholder LLM.""}"
Sitelife,https://www.sitelife.de/,"{""primary"": ""X_HORIZ"", ""secondary"": [""X_SME""], ""explanation"": ""This is a test response from the placeholder LLM.""}"
ibo Software GmbH,ibo.de,"{""primary"": ""X_HORIZ"", ""secondary"": [""X_SME""], ""explanation"": ""This is a test response from the placeholder LLM.""}"
Sauer Software GmbH,sauer-os.de,"{""primary"": ""X_HORIZ"", ""secondary"": [""X_SME""], ""explanation"": ""This is a test response from the placeholder LLM.""}"
voize GmbH,voize.de,"{""primary"": ""X_HORIZ"", ""secondary"": [""X_SME""], ""explanation"": ""This is a test response from the placeholder LLM.""}"
LIS AG,lis.eu,"{""primary"": ""X_HORIZ"", ""secondary"": [""X_SME""], ""explanation"": ""This is a test response from the placeholder LLM.""}"
Qdrant,qdrant.tech,"{""primary"": ""X_HORIZ"", ""secondary"": [""X_SME""], ""explanation"": ""This is a test response from the placeholder LLM.""}"
cosinex GmbH,cosinex.de,"{""primary"": ""X_HORIZ"", ""secondary"": [""X_SME""], ""explanation"": ""This is a test response from the placeholder LLM.""}"
Jedox AG,jedox.com,"{""primary"": ""X_HORIZ"", ""secondary"": [""X_SME""], ""explanation"": ""This is a test response from the placeholder LLM.""}"
Stumbaum GmbH,www.stumbaum.de,"{""primary"": ""X_HORIZ"", ""secondary"": [""X_SME""], ""explanation"": ""This is a test response from the placeholder LLM.""}"
ALFAPLAn GmbH,alfaplan.de,"{""primary"": ""X_HORIZ"", ""secondary"": [""X_SME""], ""explanation"": ""This is a test response from the placeholder LLM.""}"
MID GmbH,mid.de,"{""primary"": ""X_HORIZ"", ""secondary"": [""X_SME""], ""explanation"": ""This is a test response from the placeholder LLM.""}"
gts systems and consulting GmbH,gts-systems.com,"{""primary"": ""X_HORIZ"", ""secondary"": [""X_SME""], ""explanation"": ""This is a test response from the placeholder LLM.""}"
Vögeli AG,voegeli.ch,"{""primary"": ""X_HORIZ"", ""secondary"": [""X_SME""], ""explanation"": ""This is a test response from the placeholder LLM.""}"
Baupilot,www.baupilot.com,"{""primary"": ""X_HORIZ"", ""secondary"": [""X_SME""], ""explanation"": ""This is a test response from the placeholder LLM.""}"
Boxler Informatik AG,https://www.boxler.com/,"{""primary"": ""X_HORIZ"", ""secondary"": [""X_SME""], ""explanation"": ""This is a test response from the placeholder LLM.""}"
Doctolib GmbH,doctolib.de,"{""primary"": ""X_HORIZ"", ""secondary"": [""X_SME""], ""explanation"": ""This is a test response from the placeholder LLM.""}"
SENSO® Dokumentation,develop-group.de,"{""primary"": ""X_HORIZ"", ""secondary"": [""X_SME""], ""explanation"": ""This is a test response from the placeholder LLM.""}"
Manz,https://www.manz.com/,"{""primary"": ""X_HORIZ"", ""secondary"": [""X_SME""], ""explanation"": ""This is a test response from the placeholder LLM.""}"
Billie,https://www.billie.io/,"{""primary"": ""X_HORIZ"", ""secondary"": [""X_SME""], ""explanation"": ""This is a test response from the placeholder LLM.""}"
tacterion,tacterion.com,"{""primary"": ""X_HORIZ"", ""secondary"": [""X_SME""], ""explanation"": ""This is a test response from the placeholder LLM.""}"
CareMan,careman.de,"{""primary"": ""X_HORIZ"", ""secondary"": [""X_SME""], ""explanation"": ""This is a test response from the placeholder LLM.""}"
Bau Task,www.bautask.de,"{""primary"": ""X_HORIZ"", ""secondary"": [""X_SME""], ""explanation"": ""This is a test response from the placeholder LLM.""}"
seerene,seerene.com,"{""primary"": ""X_HORIZ"", ""secondary"": [""X_SME""], ""explanation"": ""This is a test response from the placeholder LLM.""}"
Architext Software GmbH,architext.de,"{""primary"": ""X_HORIZ"", ""secondary"": [""X_SME""], ""explanation"": ""This is a test response from the placeholder LLM.""}"
Connext Vivendi,connext.de,"{""primary"": ""X_HORIZ"", ""secondary"": [""X_SME""], ""explanation"": ""This is a test response from the placeholder LLM.""}"
Betriebsmittel-Verwaltung.de,betriebsmittel-verwaltung.de,"{""primary"": ""X_HORIZ"", ""secondary"": [""X_SME""], ""explanation"": ""This is a test response from the placeholder LLM.""}"
IGZ-Unternehmensgruppe,www.igz.com,"{""primary"": ""X_HORIZ"", ""secondary"": [""X_SME""], ""explanation"": ""This is a test response from the placeholder LLM.""}"
