Telefonnummer,ansprache,Titel,vorname,nachname,firma,strasse,adresszusatz,plz,ort,email,url,Beschreibung,Kategorie
0049 921 15 05 341,,,,,exxomove GmbH,,,,,,https://www.exxomove.de/,Entwickelt smarte Therapiegeräte für aktive Bewegungstherapie,Rehatechnik / Medizintechnik
0041 71 298 55 22,,,,,Blipack AG,,,,,,blipack.ch,Bietet Systemlösungen für Blisterverpackungen und entsprechendes Zubehör.,Verpackungsindustrie
0049 6 201 59 24 13,,,,,SATLOG GmbH,,,,,,satlog.de,Spezialisiert auf Tourenplanung für LKW- und Nutzfahrzeugflotten mit über 30 Jahren Erfahrung.,"Telematik, Logistiksoftware"
0049 49 72 52 96 1000,,,,,Seeburger AG,,,,,,seeburger.de,Bietet Integrationslösungen für den B2B-Datenaustausch und die Digitalisierung von Geschäftsprozessen.,Softwareentwicklung
0049 4826 59 400,,,,,Kalmeda,,,,,,www.kalmeda.de,Bietet eine digitale Gesundheitsanwendung zur kognitiven Verhaltenstherapie für Patienten mit chronischem Tinnitus.,
0049 228 5226 2700,,,,,Reconizer,,,,,,https://recogizer.com/de/,"Recogizer richtet sich ausschließlich an Geschäftskunden – vor allem Betreiber gewerblicher Immobilien (Büros, Hotels, Einkaufszentren), denen sie helfen, den Energieverbrauch durch KI-basierte Gebäudesteuerung zu optimieren.",
0041 81 720 40 50,,,,,swissplast,,,,,,swissplast.com,Hersteller von Blister- und Klappverpackungen aus hochwertigem Kunststoff.,Kunststoffverarbeitung
0043 4769 22490,,,,,Hasslacher,,,,,,https://www.hasslacher.com/,"Die HASSLACHER Gruppe ist ein international agierendes, familiengeführtes Unternehmen der Holzindustrie mit Sitz in Österreich. Seit 1901 hat sich das Unternehmen zu einem führenden Anbieter von Produkten für den modernen Holzbau entwickelt. Das Portfolio umfasst unter anderem Schnittholz, Hobelware, Brettschichtholz, Brettsperrholz und Konstruktionsvollholz. Mit rund 2.000 Mitarbeiter:innen produziert die Gruppe für den europäischen und weltweiten Markt.",
0049 6104 790 18,,,,,Wolf Verpackungen GmbH,,,,,,wolf-verpackungen.de,Hersteller von Blisterverpackungen aus Kunststoff mit nachhaltigen Lösungen.,Verpackungsindustrie
00201 3196-0,,,,,Opta data Gruppe,,,,,,optadata-gruppe.de,Spezialisiert auf Abrechnungs- und IT-Dienstleistungen im Gesundheitswesen.,Gesundheits-IT
0049 341 234 600,,,,,CargoBeamer,,,,,,www.cargobeamer.com,"Anbieter eines innovativen Systems für den kombinierten Verkehr, das den Transport von nicht-kranbaren Sattelaufliegern auf der Schiene ermöglicht und so CO?-Emissionen reduziert.",
0049 551 50665 0,,,,,DATAflor AG,,,,,,dataflor.de,Digitale Bauakte speziell für den GaLaBau – mobil nutzbar und intuitiv.,Softwareentwicklung
0049 711 89 98 98 64,,,,,Digital medical Academy,,,,,,https://dmaonline.de/,"?Die Digital Medical Academy (DMA) bietet eine eLearning-Plattform speziell für den Pflegebereich an. Sie stellt praxisnahe Schulungen bereit, die auf die Qualitätsprüfungs-Richtlinien abgestimmt sind. Die Plattform ist vollständig responsiv und ermöglicht flexibles Lernen auf allen Geräten.",
0049 2354 92 920,,,,,Paul Kläs GmbH,,,,,,paul-klaes.de,Produzent von nachhaltigen Faltschachteln und Verpackungslösungen.,Verpackungsindustrie
0049 221 98 650 770,,,,,aedifion,,,,,,aedifion.com,Cloud-Plattform zur Optimierung von Gebäudebetrieb und Energieeffizienz,PropTech
0049 3322 12 21 13,,,,,eye concept GmbH,,,,,,eye-concept.de,"Die eye concept GmbH mit Sitz in Falkensee bei Berlin ist ein erfahrener Anbieter für Produkte und Dienstleistungen rund um die Ophthalmologie. Das Unternehmen bietet hochwertige Intraokularlinsen (IOL), chirurgische Instrumente, Sterilisationslösungen sowie umfassende OP- und Praxisplanungen. Mit über 25 Jahren Erfahrung legt eye concept besonderen Wert auf persönliche Kundenbetreuung und maßgeschneiderte Lösungen für operierende Augenärzte.",Medizintechnik – Ophthalmologie / Augenchirurgie
0049 761 38 506 0,,,,,NetBAU – SIDOUN International GmbH,,,,,,sidoun.de,"Software zur Erstellung von Ausschreibung, Vergabe und Abrechnung (AVA) von Bauleistungen, kompatibel mit Microsoft-Office-Produkten.",Softwareentwicklung
0049 81  33 444 777,,,,,Planforge GmbH,,,,,,planforge.io,Bietet eine webbasierte Projekt- und Portfoliomanagementsoftware mit Integration von agilen Methoden.,Softwareentwicklung
0049 7062 9287800,,,,,Notarberater,,,,,,notarberater.de,Unterstützung bei Auswahl und Migration von Notarsoftware sowie Anpassung von Texten.,IT-Beratung / Notariat
0049 30 3080 9480,,,,,sennder,,,,,,www.sennder.com,"Digitales Speditionsunternehmen, das Straßengütertransporte durch den Einsatz von Technologie effizienter gestaltet.",
0049 6021 38810,,,,,PASS Logistics Solutions AG,, ,,,,pass-consulting.com,Bietet KI-gestützte Tourenplanungssoftware für eine effiziente Logistik- und Transportplanung.,"IT-Consulting, Softwareentwicklung"
0049 30 664 04 09 00,,,,,Camunda GmbH,,,,,,camunda.com,Open-Source-Plattform für Prozessautomatisierung.,Prozessautomatisierung
0049 89 25552420,,,,,Hawk AI,,,,,,hawk.ai,"Münchner FinTech, das mittels KI Geldwäscheprävention in Echtzeit ermöglicht.",FinTech
0049 30 85621780,,,,,Signavio,,,,,,https://www.signavio.com/de/,"Bietet eine Business-Transformation-Suite zur Modellierung, Analyse und Optimierung von Geschäftsprozessen.",
0049 152 38 87 01 95,,,,,SCOOTTRAIN,,,,,,https://www.scoottrain.com/,"Innovatives Laufband für Reha, Sport,",Rehatechnik / Medizinprodukt
0049 30 60 98 72 012,,,,,contractix,,,,,,www.contractix.de,"Die contractix GmbH mit Sitz in Berlin bietet seit 2011 eine Online-Plattform zur Verwaltung und Optimierung privater Verträge an. Nutzer können dort verschiedene Vertragsarten wie Strom, Gas, Versicherungen, Telekommunikation, Abonnements und Mitgliedschaften erfassen, verwalten und optimieren. Das Portal stellt zahlreiche Musterschreiben für Vertragsangelegenheiten bereit, darunter Kündigungen, Widerrufe und Adressänderungen.",
0049 251 596 889 79,,,,,NotarPartner,,,,,,notarpartner.de,Online-Plattform zur Erstellung unterschriftsreifer Urkunden im Word-Format.,LegalTech / Notariat
+49 6221 426 11 0,,,,,BioMed X GmbH,,,,,,bmedx.com,"Unabhängiges Forschungsinstitut an der Schnittstelle von Wissenschaft und Industrie, spezialisiert auf biomedizinische Forschung und Arzneimittelentwicklung.",Biomedizinische Forschung und Arzneimittelentwicklung
0049 6421 39 55 0,,,,,pharmaserv,,,,,,pharmaserv.de,"Pharmaserv GmbH bietet Standortmanagement, Technik- und Logistikdienstleistungen für die Pharmaindustrie an. Sie richtet sich an Unternehmen der Pharma- und Biotech-Branche",
0049 962 13 710,,,,,Deeprag,,,,,,https://www.deprag.com/,"?Die DEPRAG SCHULZ GMBH u. CO. KG mit Sitz in Amberg, Deutschland, ist ein weltweit führender Hersteller im Bereich der Schraubtechnik und industrieller Montagelösungen. Das Unternehmen bietet ein umfangreiches Portfolio in den Bereichen Schraubtechnik, Zuführtechnik, Automation, Druckluftmotoren und Druckluftwerkzeuge an.",
0043 1 488 220,,,,,Manner,,,,,,https://www.manner.com,Waffel Spezialitäten,
0049 892 05 02 255,,,,,plan net,,,,,,https://www.plan-net.com/de/,"Plan.Net ist eine Agentur für digitale Kommunikation, Customer Experience und Technologieberatung – klar B2B ausgerichtet. Zu den Kunden zählen große Unternehmen aus diversen Branchen, für die Plan.Net digitale Strategien, Plattformen und Anwendungen entwickelt. Keine Anzeichen für Endkundenfokus.",
0043 664 9680804,,,,,Aforms,,,,,,https://www.aforms.com/,Formularlösungen für E-Government und E-Business mit Fokus auf Barrierefreiheit und Normenkonformität.,E-Government Software
0049 30 837 97 775,,,,,Solarisbank AG,,,,,,solarisbank.com,Banking-as-a-Service-Plattform mit volldigitalem Tech-Stack für andere FinTechs.,FinTech-Infrastruktur
0049 781 990 98 0,,,,,BIM4You,,,,,,bib-gmbh.de,Entwickelt Bausoftware für Planung und Kalkulation mit 3D-BIM-Integration zur Optimierung von Bauprojekten.,
0049 678 9012345,,,,,PflegeNet,,,,,,pflegenet.de,Entwickelt Software für Pflegedokumentation und -planung in ambulanten und stationären Einrichtungen.,
0049 7348 2014 700,,,,,BTL Medizintechnik GmbH,,,,,,https://www.btlmed.de/,Vertreibt medizinische Geräte für Physiotherapie und Ästhetik,Medizintechnik
0049 30 467 24 21 0,,,,,Commercetools GmbH,,,,,,commercetools.com,Cloud-basierte E-Commerce-Plattform für Unternehmen.,E-Commerce
0049 30 22334455,,,,,Endel,,,,,,endel.io,Erstellt adaptive Klanglandschaften zur Förderung von Konzentration und Entspannung.,
0049  8171 26 720,,,,,Brumba,,,,,,brumaba.de,"Die BRUMABA GmbH & Co. KG ist ein familiengeführtes Unternehmen mit Sitz in Geretsried, Bayern, das seit 1980 hochwertige, ergonomische OP-Tische, OP-Stühle, Behandlungsliegen und Patiententransportstühle entwickelt und produziert. Alle Produkte sind ""Made in Germany"" und zeichnen sich durch Langlebigkeit, Funktionalität und Ergonomie aus.",Medizintechnik – OP-Ausstattung / Chirurgische Möbel
0041 676 60 00,,,,,Sarna Plastec AG,,,,,,sarna-plastec.ch,Bietet nachhaltige Verpackungslösungen aus Materialien wie BioFoam und Green Planet.,Verpackungsindustrie
0043 670 3082066,,,,,ToolSense GmbH,,,,,,https://toolsense.io/,IoT-gestützte Plattform zur Verwaltung von Maschinen und Wartungsprozessen im Facility- und Logistikbereich.,IoT & digitale Instandhaltung
0049 2131-2248 0,,,,,Xerox GmbH,,,,,,xerox.de,Xerox bietet mit DocuShare eine webbasierte Dokumentenmanagement- und Enterprise-Content-Management-Lösung für Unternehmen.,
0049 30 95 999 39 10,,,,,DIGI-BEL,,,,,,digi-bel.de,Belegübertragung & Kommunikation zwischen Steuerkanzlei & Mandant – ohne DATEV-Login,LegalTech
0049 345 6789012,,,,,myCortex,,,,,,mycortex.de,"Entwickelt eine Software für Pflegeeinrichtungen, die Pflegedokumentation, Qualitätsmanagement und Abrechnung in einer Plattform integriert.",
0049 571 79 30,,,,,Bernstein,,,,,,https://www.bernstein.eu/,industrieller Sicherheits- und Gehäusetechnik,
0049 40 23969455,,,,,aforms2web,,,,,,https://www.aforms2web.com,"Verwaltungs-Software, aber keine passenden Mandanten",
0049 228 28629910,,,,,LeanIX,,,,,,https://www.leanix.net/de/,"Bietet eine Plattform für Enterprise Architecture Management, um IT-Landschaften transparent zu machen und zu optimieren.",
0049 3834 838 12 12,,,,,ebiga-VISION GmbH,,,,,,ebiga-vision.com,"Die ebiga-VISION GmbH ist ein familiengeführtes Vision-Science-Unternehmen mit Sitz in Greifswald, das sich auf die Diagnostik, Prävention und Behandlung von Sehstörungen und chronischen Augenerkrankungen spezialisiert hat. Das Unternehmen konzentriert sich auf Forschung und Entwicklung evidenzbasierter Nahrungsergänzungsmittel zur Unterstützung der Augengesundheit, insbesondere bei Glaskörperdegeneration, diabetischer Retinopathie, Makuladegeneration und Glaukom.",Medizintechnik – Ophthalmologie / Augenchirurgie
0049 89 380 38 332,,,,,Beglaubigt.de,,,,,,beglaubigt.de,Digitaler Notarservice für schnelle und papierlose Beurkundungen in Europa.,LegalTech / Notariat
0049 69 348 710 00,,,,,Integral,,,,,,www.integral.com,Deutsche B2B-Plattform für Zahlungsabwicklung und digitales Risikomanagement im Finanzbereich.,
0049 201 54 540,,,,,Secunet Security Networks AG,,,,,,secunet.com,Bietet umfassende IT-Sicherheitslösungen und Beratung für öffentliche und private Sektoren.,IT-Sicherheitsberatung
0049 2161 5678 0,,,,,Thielemann Group,,,,,,www.thielemann-group.com,"Unternehmensgruppe in der Logistikbranche mit Beteiligungen in den Bereichen Spedition, Logistik, Immobilienentwicklung und Start-ups, die innovative Lösungen fördert und umsetzt.",
0049 20 33 06 40 40,,,,,Air Code,,,,,,https://www.aircode.de/,"airCode.de ist ein deutsches Unternehmen mit Sitz in Duisburg, das sich auf maßgeschneiderte RFID-Lösungen und Wireless Body Area Network (WBAN)-Anwendungen spezialisiert hat. Das Unternehmen bietet individuelle Systemdesigns und Implementierungen für verschiedene Branchen an",
0043 50 857,,,,,Schrack Seconet AG,,,,,,schrack-seconet.com,Rufanlagen & Sicherheitstechnik für Pflegeeinrichtungen,Gebäudetechnik
0049 671 9299 3004,,,,,Uberblick.io,,,,,,uberblick.io,Intelligente Dokumentenorganisation mit KI – DSGVO-konforme Cloudlösung,LegalTech
0049 30 58 58 122 540,,,,,NOAH (Westernacher Solutions GmbH),,,,,,noah-notariatssoftware.de,"All-in-One-Software für Notariate mit Funktionen für Textverarbeitung, Archivierung und Kundenverwaltung.",Notariatssoftware
0049 89 72699-0,,,,,PlanOrg,,,,,,planorg.de,"Bietet IT-Lösungen für das Gesundheitswesen, einschließlich Systeme für Qualitätsmanagement und Pflegedokumentation.",
0049 7222 5905-0,,,,,FEURER Porsiplast GmbH,,,,,,feurer.com,Entwickelt plastikfreie Einstoff-Blisterverpackungen aus Karton für nachhaltige Produktpräsentation.,Verpackungsindustrie
0049 2432 907805,,,,,Panat Laptool GmbH,,,,,,https://panat-laptool.de/,Produziert Trainingssysteme für minimalinvasive Chirurgie,Medizintechnik / Simulation
0049 2232 50 455 0,,,,,UnTouch,,,,,,untouch.de,Mobile und webbasierte Werkzeug- und Geräteverwaltung mit NFC-Funktion zur Echtzeitnachverfolgung.,Softwareentwicklung
0049 721 96 510,,,,,PTV Group,,,,,,ptvgroup.com,"Entwickelt Software für Verkehrs- und Transportplanung, einschließlich Tourenoptimierung für Logistikunternehmen.",Software und Beratung
0049 69 9675 8860,,,,,AsstrA,,,,,,www.asstra.de,"Internationaler Transport- und Logistikdienstleister, spezialisiert auf B2B-Logistiklösungen, einschließlich Lieferkettenmanagement, Transport, Vertrieb und Bestandsmanagement, mit Fokus auf technologische Integration.",
0049 2191 696250,,,,,BRF Verpackungen GmbH & Co. KG,,,,,,blisterverpackung-nrw.de,Spezialisiert auf biologisch abbaubare Blisterverpackungen aus Biokunststoffen.,Verpackungsindustrie
0049 89 20001582,,,,,Pricefx,,,,,,https://www.pricefx.com/,"Bietet vollständige Preismanagementlösungen, die schnell umgesetzt werden und sich flexibel an Geschäftsanforderungen anpassen lassen.",
0043 1 890 32 97,,,,,SobIT GmbH,,,,,,sobit.at,"Entwickelt mit UPI eine Softwarelösung zur Verwaltung von Personal- und Klientendaten, einschließlich Einsatzplanung und Abrechnung im Gesundheitswesen.",
00651 460 86 40,,,,,qado,,,,,,qado.de,"Entwickelt das webbasierte QMBoard zur Durchführung von QM-Prozessen im Gesundheits- und Pflegebereich, das Feedback integriert und Maßnahmen definiert.",
0049 303 080 89 56,,,,,Candis GmbH,,,,,,candis.io,Automatisierte Buchhaltungssoftware zur Digitalisierung von Rechnungsprozessen.,Buchhaltungsautomatisierung
0049 3632 82 299 18,,,,,FrachtGefährten,,,,,,frachtgefaehrten.de,Bietet digitale Frachtvergabe und Tourenoptimierung zur sofortigen Senkung von Frachtkosten.,Logistiksoftware
0049 89 4132 7291,,,,,DeepDrive,,,,,,www.deepdrive.tech,Entwickelt hocheffiziente Elektromotoren ohne seltene Erden für die Automobilindustrie.,
0049 40 23969452,,,,,notarity,,,,,,https://notarity.com,Plattform für Online-Notariatsdienstleistungen,
0049 621 490 730 100,,,,,Alugha GmbH,,,,,,alugha.com,Bietet eine Plattform zur Erstellung und Verwaltung mehrsprachiger Videos.,Video-Hosting
0049 351 312 930,,,,,Davitec GmbH,,,,,,davitec.de,Entwickelt digitale Lösungen für die Pflegedokumentation mit Fokus auf Benutzerfreundlichkeit und Effizienz.,
0049 40 527 00 0,,,,,auxalia,,,,,,auxalia.com,Spezialisiert auf Autodesk-Software und BIM-Technologien für digitales Bauen mit 3D-Planungswerkzeugen.,
0049 30 555 700 00,,,,,Inhubber GmbH,,,,,,www.inhubber.com,KI-gestützte SaaS-Lösung für intelligentes Vertragsmanagement in Unternehmen.,
0049 911 27 30,,,,,Novartis Deutschland,,,,,,novartis.de,Treibt die Digitalisierung in allen Unternehmensbereichen voran und entwickelt digitale Gesundheitslösungen.,Pharmaindustrie
0049 789 0123456,,,,,medidoc,,,,,,medidoc.de,Bietet eine Softwarelösung für Arztpraxen und Pflegeeinrichtungen zur digitalen Dokumentation und Verwaltung von Patientendaten.,
004949 711 80 60 890,,,,,ELO Digital Office GmbH,,,,,,elo.com,"ELO Digital Office bietet Softwarelösungen für die Digitalisierung in der Baubranche, einschließlich digitaler Bauakten und Dokumentenmanagement.",
0049 23110 87 78 50,,,,,Block Optic Design GmbH,,,,,,block-optic.com,"Block Optic Design GmbH ist ein führender deutscher Hersteller von augenoptischen und ophthalmologischen Geräten und Einrichtungen. Seit 1974 entwickelt und produziert das Unternehmen in Dortmund und Velen-Ramsdorf maßgeschneiderte Untersuchungseinheiten, Patientenstühle, Geräteträger und Sehtestgeräte. Die modularen Systeme sind ergonomisch, hygienisch und individuell anpassbar – auch für Rollstuhlpatienten. Zudem bietet Block Optic Praxisplanung, 3D-Visualisierung und einen umfassenden Kundenservice an.",Medizintechnik – Ophthalmologie / Augenchirurgie
0049 30 98765432,,,,,Cambrium,,,,,,cambrium.bio,"Entwickelt mittels KI Proteine für verschiedene Anwendungen, insbesondere im Bereich Hautpflege.",
0041 61 205 34 40,,,,,health learning,,,,,,https://health-learning.ch/,"?Die Health-Learning-Plattform bietet Online-Fortbildungen im Gesundheitsbereich an, mit einem besonderen Fokus auf die Pflege älterer Menschen. Sie richtet sich an Pflege- und Betreuungspersonal in Alters- und Pflegeheimen, Mitarbeitende von Spitex-Organisationen sowie pflegende Angehörige.",
0049 2735 7776,,,,,Heinrich Buhl GmbH,,,,,,heinrich-buhl.de,Bietet Blisterverpackungen mit Fokus auf Materialauswahl und Nachhaltigkeit.,Verpackungsindustrie
0049 7251 366 0,,,,,Pro-Bau/S® AddOne,,,,,,probau-s.de,"Entwickelt eine digitale Bauakte, die eine effiziente elektronische Dokumentenablage ermöglicht, inklusive Drag & Drop-Funktionalität und intelligenter Suchfunktionen für Bauprojekte.",
0049 241 89 43 880,,,,,innloft,,,,,,https://innoloft.com/de,"?Innoloft GmbH ist ein Softwaretechnologieunternehmen mit Sitz in Aachen, Deutschland, das 2019 gegründet wurde. Das Unternehmen bietet mit LoftOS eine No-Code-Entwicklungsplattform an, die es Nutzern ermöglicht, Webanwendungen wie Netzwerke, Marktplätze oder interne Tools zu erstellen, ohne eine einzige Zeile Code zu schreiben",
0049 821 455 979 0,,,,,packVerde,,,,,,pack-verde.com,Bietet über 2.000 nachhaltige Verpackungslösungen aus nachwachsenden Rohstoffen.,Verpackungshandel
0049 231 586955-0,,,,,Smart-Store GmbH,,,,,,smart-store.de,"Bietet eine digitale Bauakte zur zentralen Speicherung aller Belege und Dokumententypen eines Bauprojekts, um stets den Überblick zu behalten.",
0049 69 50 50 60 0,,,,,Bluebeam,,,,,,https://www.bluebeam.com/de,Entwickelt Softwarelösungen für digitale Baudokumentation und Zusammenarbeit in Echtzeit.,
0049 511 9368 1860,,,,,HERO,,,,,,https://hero-software.de/,cloudbasierte Softwarelösung,
00512- 58 15 05,,,,,synedra information technologies GmbH,,,,,,synedra.com,Bietet Lösungen für das Management medizinischer Daten und Dokumente.,Gesundheits-IT
0049 711 7702-0,,,,,Herma GmbH,,,,,,herma.de,Entwickelt nachhaltige Etiketten und Verpackungslösungen zur Reduzierung von Verpackungsmüll.,Verpackungsindustrie
0049 40 23969457,,,,,Crif,,,,,,https://www.crif.de,"Fokus auf Risikomanagement, ähnliche Zielgruppen",
0049 814 15 27 60,,,,,Stammaum,,,,,,www.stumbaum.com,"Handwerksbetrieb mit Fokus auf Elektrotechnik, Sanitär, Heizung, Klima und Photovoltaik, der digitale Technologien zur Effizienzsteigerung einsetzt.",
0049 5744 93 99 90,,,,,Acotherm GmbH,,,,,,https://www.acotherm.de,"Klima-, Luft- & Kältetechnik für Kliniken & Gewerbe.",
0041 22 311 42 86,,,,,Confiserieauer,,,,,,https://www.confiserieauer.ch,Chocolatier,
0049 30 44556677,,,,,UltiHash,,,,,,ultihash.io,Entwickelt Algorithmen zur Reduzierung des Speicherbedarfs in Unternehmen.,
0049 172 935 95 91,,,,,Claus Mayer Verpackungen,,,,,,pm-mayer.de,"Hersteller von individuellen, nachhaltigen Produktverpackungen.",Verpackungsindustrie
0043 1 2345678,,,,,Orderlion,,,,,,orderlion.com,"B2B-Marktplatz, der Lebensmittelzulieferer mit Käufern verbindet und den Bestellprozess optimiert.",
0049 7132 3661,,,,,med3 GmbH,,,,,,med3.de,"Bietet mit CPA (Comprehensive Patient Administrator) ein modulares Softwarepaket zur Verwaltung von Ressourcen in medizinischen Einrichtungen, einschließlich Termin- und Operationsplanung.",
0049 5037 30 10,,,,,frischli Milchwerke GmbH,,,,,,frischli.de,Molkerei mit Produkten für Großverbraucher in der Gemeinschaftsverpflegung.,Molkereiprodukte
0049 89 99828800,,,,,Commercetools,,,,,,https://commercetools.com/de/,Bietet eine Headless-Commerce-Plattform für Unternehmen.,
0041 43 300 22 60,,,,,humanvision ag,,,,,,humanvision.ch,"Die humanvision ag mit Sitz in Zürich ist ein spezialisiertes Unternehmen im Bereich der Ophthalmologie. Sie bietet innovative Lösungen wie den IOL-Vision-Simulator SimVis Gekko, refraktive Implantate (Artiflex, Artisan), sowie Produkte für die OP-Reinluft-Klimatisierung und sterile Abdeckungen an. Das Unternehmen legt großen Wert auf Eigenentwicklungen und maßgeschneiderte Lösungen für medizinische Einrichtungen.",Medizintechnik – Ophthalmologie / Augenchirurgie
0049 30 51 69 56 430,,,,,Right Point GmbH,,,,,,rightpoint.de,B2B-Software für digitale Vertriebsprozesse & Angebotsautomation.,Vertriebsdigitalisierung
0049 541 600 844 0,,,,,NEVARIS,,,,,,https://www.nevaris.com/de,"Bietet Software für Bauunternehmen zur Planung, Steuerung und Abwicklung von Bauprojekten.",
0049 30 40 53 443 150,,,,,Freshfoodz,,,,,,freshfoodz.de,Bietet hochwertige High-Convenience-Gerichte für Vending- und Smart-Fridge-Lösungen mit langer Haltbarkeit und einfacher Integration.,
0049 621 426460,,,,,JobRouter AG,,,,,,jobrouter.com,Bietet eine digitale Plattform für Prozessautomatisierung und Datenmanagement.,Softwareentwicklung
0043 5572 394 489,,,,,Digando,,,,,,www.digando.com,Digitaler B2B-Marktplatz für die Vermietung von Baumaschinen und Arbeitsbühnen in der DACH-Region mit über 18.000 verfügbaren Maschinen und 160 Mietstationen.,
0049 8641 95400,,,,,SOFTAGE,,,,,,softage.de,"Bietet Softwarelösungen für ambulante Pflegedienste mit Funktionen für Dokumentation, Abrechnung und Tourenplanung.",
0049 151 7287 5471,,,,,Alpah Zukunft,,,,,,https://www.alphazukunft.com/,"Die Alpha Zukunft GmbH mit Sitz in Freiburg im Breisgau, Deutschland, ist auf den Vertrieb und technischen Support von Maschinen und Komponenten für Hersteller medizinischer Geräte spezialisiert.",
0049 211 11 79 23 70,,,,,Valtech,,,,,,https://www.valtech.com/,"?Valtech ist ein globales Unternehmen für Experience Innovation, das sich darauf spezialisiert hat, durch die Kombination von Daten, KI, Kreativität und Technologie innovative Kundenerlebnisse zu schaffen.",
0049 2377 78 40,,,,,wissner-bosserhoff GmbH,,,,,,wi-bo.de,Hersteller von Pflegebetten und Einrichtungen für Seniorenheime,Pflegeausstattung
0049 201 84 40,,,,,Thyssenkrupp Materials Services,,,,,,thyssenkrupp-materials-services.com,"Führt digitale Transformation im Werkstoffhandel durch, inklusive IoT-Integration und Online-Portale.",Industrie & Handel
0049 30  46 72 60 941,,,,,Contentful GmbH,,,,,,contentful.com,Headless CMS-Plattform für Content-Management über verschiedene Kanäle.,Content Management
0049 61 03 40 20,,,,,SMC,,,,,,https://www.smc.eu/de-de,"SMC Deutschland ist Teil der weltweit tätigen SMC Corporation, einem führenden Hersteller für Pneumatik- und Automatisierungstechnik. Die Produkte richten sich klar an industrielle Kunden (Automobil, Verpackung, Lebensmittel, Pharma, Maschinenbau etc.)",
0049 2403 94 55 65,,,,,Fritz Ruck Ophthalmologische Systeme GmbH,,,,,,https://ruck-gmbh.de/,Die Fritz Ruck GmbH mit Sitz in Eschweiler ist seit über 40 Jahren ein verlässlicher Partner für Augenärzte weltweit. Das Unternehmen entwickelt und produziert hochwertige Operationssysteme wie das QUBE pro für Vorder- und Hinterabschnittsoperationen. Neben innovativen Geräten bietet Ruck auch Zubehör und umfassenden Service für die Augenchirurgie an.,Medizintechnik – Ophthalmologie / Augenchirurgie
0049 1512 89 32 414,,,,,Notarius,,,,,,notarius.legal,Software zur digitalen Abwicklung von Beurkundungen mit höchsten Sicherheitsstandards.,LegalTech / Notariat
0049 241 18 900,,,,,GRÜN Software Group GmbH,,,,,,gruen.net,"Spezialsoftware für Spendenorganisationen, Bildung, Handel, Mitgliedermanagement u.?v.?m.",Branchensoftware
0049 2301 29 0,,,,,Rhenus Home Delivery,,,,,,www.rhenus.group,"Spezialisiert auf die Belieferung von Endkunden mit großen und sperrigen Waren im 1- und 2-Mann-Handling bis an den Verwendungsort, inklusive Montage und Installation.",
0049 5474 93 60,,,,,SoftwarePartner GmbH,,,,,,softwarepartner.net,Bietet Logistiksoftware zur Optimierung betriebswirtschaftlicher Abläufe und Steigerung der Prozesseffizienz.,"IT-Dienstleistungen, Software"
0049 6151 629 4170,,,,,Wingcopter GmbH,,,,,,www.wingcopter.com,"Deutsches Unternehmen, das unbemannte eVTOL-Fluggeräte für kommerzielle und humanitäre Anwendungen entwickelt, insbesondere für den schnellen Transport medizinischer Güter in entlegene Gebiete.",
0049 5732 9701 0,,,,,Sparck,,,,,,https://sparcktechnologies.com/de,Automatisierte Verpackung,
00 0747 39 48 640,,,,,BeneVit Gruppe,,,,,,www.benevit.net,Betreiber innovativer Pflegeeinrichtungen.,
0049 89 215544970,,,,,Temedica GmbH,,,,,,temedica.com,Entwickelt digitale Gesundheitsanwendungen und Patientendatenplattformen.,Gesundheits-IT
0049 2354 9449 969,,,,,IQfy GmbH,,,,,,iqfy.de,Softwarelösungen für Qualitätsmanagement in Pflegeeinrichtungen,Pflege-Software
0049 451 505 703 60,,,,,Eyetec GmbH,,,,,,eyetec.com,"Die Eyetec GmbH mit Sitz in Lübeck ist ein Anbieter von ophthalmologischen Geräten und Dienstleistungen. Das Unternehmen bietet eine breite Palette an Produkten für die Augenheilkunde an, darunter OCTs, Funduskameras, Spaltlampen, Refraktionseinheiten und Lasergeräte. Eyetec legt großen Wert auf umfassenden Service und Beratung für ihre Kunden.",Medizintechnik – Ophthalmologie / Augenchirurgie
0049 5664 94 960,,,,,Dr. Schumacher GmbH,,,,,,schumacher-online.com,Hersteller von Desinfektions- und Hygieneprodukten für medizinische Einrichtungen.,Medizinische Hygieneprodukte
0049 30 12087881,,,,,Cozero,,,,,,https://www.cozero.io/,"Cozero ist ein 2020 in Berlin gegründetes ClimateTech-Unternehmen, das Unternehmen eine umfassende Softwarelösung für das CO?-Management bietet. Mit ihrer Climate Action Platform ermöglicht Cozero Unternehmen, ihre CO?-Emissionen präzise zu messen, zu reduzieren und darüber zu berichten. Die Plattform richtet sich an Unternehmen verschiedener Branchen, darunter Logistik, industrielle Fertigung und weitere Sektoren, die ihre Nachhaltigkeitsstrategien optimieren möchten.",
0049 711 78 73 770,,,,,RIB eVergabe – RIB Software GmbH,,,,,,rib-software.com,"Plattform für digitale Ausschreibungen und Vergaben von Bau-, Liefer- und Dienstleistungen mit durchgängig integriertem Prozess.",Softwareentwicklung
0049 291 20256 248,,,,,AM GmbH,,,,,,am-gmbh.de,Entwickler der Online-Vergabe-Management-Plattform EMMIE für rechtssichere und effiziente Vergabeprozesse.,Softwareentwicklung
0049 30 120849500,,,,,mernatix,,,,,,https://www.merantix.com/,"Merantix ist ein Berliner Unternehmen, das sich auf Künstliche Intelligenz (KI) spezialisiert hat. Es gründet und investiert in KI-Startups, berät Unternehmen bei der Umsetzung von KI-Lösungenh, baut eine starke KI-Community",
0049 89 54329-0,,,,,HOWDEN,,,,,,https://www.howdengroup.com/,"?Die Howden Group ist ein international tätiger Versicherungsmakler mit einem starken Fokus auf B2B-Dienstleistungen. In Deutschland agiert sie unter verschiedenen spezialisierten Marken wie Howden Caninenberg, Howden Euroassekuranz und Howden hendricks, die jeweils unterschiedliche Branchen und Bedürfnisse abdecken.",
0049 304 07 46 623,,,,,Foobar,,,,,,www.foobar.agency/de,"foobar Agency ist eine digitale Produktagentur, die sich auf die Entwicklung von Webanwendungen, Plattformen und maßgeschneiderter Software spezialisiert hat. Sie bietet Dienstleistungen wie UI/UX Design, Prototyping, Frontend- und Backend-Entwicklung an.",
0049 241 5109 159,,,,,RNA,,,,,,https://rna.de/de/,"?Die Rhein-Nadel Automation GmbH (RNA) mit Hauptsitz in Aachen ist ein traditionsreiches Familienunternehmen und führender Anbieter im Bereich Zuführtechnik. Mit über 450 Mitarbeitern an neun Produktionsstandorten weltweit liefert RNA jährlich bis zu 2.000 Zuführsysteme und bietet ein breites Spektrum an Zuführsystemen und Komponenten für verschiedene Branchen wie Automotive, Pharma, Elektronik, Kosmetik, Lebensmittel und Konsumgüter. Das Unternehmen kombiniert langjährige Erfahrung mit innovativen Technologien, einschließlich künstlicher Intelligenz und Multiphysiksimulation, um maßgeschneiderte und zuverlässige Lösungen für Kunden zu entwickeln.",
0049 62579084730,,,,,NovoSign GmbH,,,,,,novosign.de,"Anbieter von Digital Signage-Lösungen für Wartebereiche, POS, Empfangsbereiche und Gastronomie.",IT-Lösungen für medizinische Einrichtungen – Digitalisierung und Patientenkommunikation
0049 931 35 940,,,,,Va-Q-tec AG,,,,,,www.va-q-tec.com,"Spezialisiert auf hocheffiziente Vakuumisolationspaneele und thermische Energiespeicher für verschiedene Branchen, einschließlich Bau und Logistik.",
00451 49 95 20,,,,,Service-Bund GmbH & Co. KG,,,,,,servicebund.de,Lebensmittelgroßhändler mit Fokus auf Großküchen und Pflegeeinrichtungen.,Lebensmittelgroßhandel
0049 7041 81 51 890,,,,,SVG Rehasysteme GmbH,,,,,,https://www.svg-rehasysteme.de/,Hersteller von Reha-Trainingsgeräten für Therapieeinrichtungen,Rehatechnik / Medizintechnik
0049 371 33715100,,,,,Staffbase,,,,,,https://staffbase.com/de/,"Bietet eine interne Kommunikationsplattform, um Unternehmen und ihre Mitarbeiter zu vernetzen.",
0041 44 211 49 49,,,,,Teuscher,,,,,,https://www.teuscher.com/,Chocolatier,
0049 7544 966 200,,,,,KUMAVISION AG,,,,,,kumavision.com,Bietet ERP- und CRM-Softwarelösungen auf Basis von Microsoft Dynamics für verschiedene Branchen.,Softwareentwicklung
0049 30 762 39 00 00,,,,,Moving Intelligence GmbH,,,,,,movingintelligence.de,Spezialisiert auf Tourenplanungssoftware zur Optimierung von Logistikprozessen und Reduzierung von Tourzeiten.,"Telematik, Logistiksoftware"
0049 303 47 47 640,,,,,Projektron GmbH,,,,,,projektron.de,Entwickelt die webbasierte Projektmanagementsoftware Projektron BCS für Multiprojektmanagement.,Softwareentwicklung
0049 89 894 222 0,,,,,DocuWare GmbH,,,,,,bahesmartwork.de,"Bietet eine digitale Bauakte, die als zentrale Plattform für alle Projektdaten dient und die Ablage von Plänen, Genehmigungen, Verträgen und Bildern ermöglicht, um Suchaufwand zu reduzieren und Effizienz zu steigern.",
0049 62 13 39 960,,,,,Bihl Wiedemann,,,,,,https://www.bihl-wiedemann.de/de/,"?Bihl+Wiedemann GmbH ist ein international tätiges Unternehmen mit Sitz in Mannheim, Deutschland, das sich auf Automatisierungslösungen spezialisiert hat. Das Unternehmen entwickelt und fertigt Komponenten für die funktionale Sicherheit und Datenkommunikation in Maschinen und Anlagen, wobei der Schwerpunkt auf dem AS-Interface (ASi) liegt, einem weltweit standardisierten Feldbussystem für die erste Ebene der Automation.",
0049 431 556837-0,,,,,SmartLoC,,,,,,https://www.smartloc.de/,Entwickelt digitale B2B-Zahlungslösungen mit IoT-basiertem Frachtmonitoring für internationale Handelsunternehmen.,
0049 931 730 46-200,,,,,AI VERGABEMANAGER – Administration Intelligence AG,,,,,,ai-ag.de,"Software zur vollständigen Abwicklung des Vergabeprozesses nach aktuellem Vergaberecht, inklusive elektronischer Vergabeakte und verschlüsselter Angebotsabgabe.",Softwareentwicklung
0049 351 501 97 556,,,,,amarea,,,,,,https://www.amarea.de/,"?AMAREA Technology ist ein Spin-off des Fraunhofer-Instituts für Keramische Technologien und Systeme (IKTS) und spezialisiert sich auf die Herstellung von Multi-Material-3D-Druckern. Diese Drucker ermöglichen es, mehrere Hochleistungsmaterialien wie Keramiken, Metalle, Polymere und Verbundstoffe in einem einzigen Schritt zu kombinieren, um hochfunktionale Bauteile herzustellen",
0043 7472 605 0,,,,,Doka,,,,,,www.doka.com,"Internationaler Anbieter von Schalungstechnik und Dienstleistungen für alle Bereiche am Bau, mit Fokus auf innovative Lösungen und digitale Technologien.",
0049 89 716718350,,,,,FinTecSystems,,,,,,https://www.fintecsystems.com/de/,"Spezialisiert auf Open Banking Infrastruktur und Datenanalyse, ermöglicht Zugang zu über 6.000 Banken.",
0049  7435 810 10,,,,,KORA GmbH,,,,,,kora.at,"Experte für nachhaltige Verpackungen und Lohnabfüllung, spezialisiert auf Glas- und Kunststoffverpackungen.",Verpackungsindustrie
0041 32 374 31 31,,,,,ITRIS,,,,,,www.itris.ch,Schweizer Anbieter von MedTech-Dienstleistungen.,
0041 44 310 50 40,,,,,1stQuad Solutions AG,,,,,,1stquad.com,Integration von BIM-360 und Microsoft-Technologien zur digitalen Bauakte.,Softwareentwicklung
0049 711 99 373 - 2020,,,,,Optica Abrechnungszentrum Dr. Güldener GmbH,,,,,,https://www.optica.de/,"Bietet Abrechnung, Software und Beratung für Heilberufe",Gesundheits-IT / Abrechnung
0041 44 244 37 51,,,,,Oxyle,,,,,,oxyle.ch,Entfernung von PFAS-Chemikalien aus Wasser mittels innovativer Reaktoren,Greentech / Umwelttechnik
0044 20 1234 5678,,,,,DM7 stationär,,,,,,dm7-software.de,"Bietet eine ganzheitliche Komplettlösung für Pflegeeinrichtungen, die Verwaltung, Abrechnung, Einsatzplanung, Tourenplanung, Pflegeplanung und Dokumentation umfasst.",
0049 30 240 87 8000,,,,,Menutech GmbH,,,,,,https://menutech.com/de/,Automatisierte Menüplanung mit HIS-Anbindung.,Software für Gastronomie & Kliniken
0041 41 914 72 00,,,,,Bachmann Forming AG,,,,,,bachmann-kunststoff-verpackungen.ch,Produziert Verpackungen unter Reinraumbedingungen mit sterilisationsfähigen Materialien.,Verpackungsindustrie
0049 211 41 873 158,,,,,FleetGO GmbH,,,,,,fleetgo.de,Cloudbasierte Routenoptimierungssoftware zur Effizienzsteigerung in der Transportlogistik.,"Telematik, Logistiksoftware"
0049 30 120 201 01,,,,,Qdrant,,,,,,qdrant.tech,Vektorsuchmaschine für KI-Datenverarbeitung,KI-Infrastruktur / Datenbank
0049 761 4882 4693,,,,,Ondo sense,,,,,,https://ondosense.com/,"OndoSense GmbH (Freiburg) entwickelt hochpräzise Industrie-Radarsensoren für Distanzmessung, Positionierung und Kollisionsvermeidung. Die Sensoren sind besonders robust (z.?B. bei Staub, Dampf, Hitze) und werden u.?a. in der Metallindustrie, Logistik, dem Maschinenbau und der Landwirtschaft eingesetzt. Kernprodukte sind die Sensorserien apex und reach.",
0049 201 95 97 180,,,,,click worker,,,,,,www.clickworker.com,"Clickworker ist eine Plattform, die Unternehmen dabei unterstützt, Daten für KI-Systeme zu generieren, zu validieren und zu kennzeichnen. Mit einer globalen Crowd von über 6 Millionen registrierten Nutzern bietet Clickworker Dienstleistungen in Bereichen wie Computer Vision, Audio- und Sprachverarbeitung, Text- und NLP sowie LLM-Training an. Die Plattform ermöglicht es Unternehmen, auf eine flexible und skalierbare Belegschaft zuzugreifen, um vielfältige Aufgaben effizient zu erledigen.",
00800 8811 882,,,,,Helferportal,,,,,,www.helferportal.de,Plattform zur Pflegekraftvermittlung.,
0049 2232 94 53 50,,,,,editho AG,,,,,,editho.de,"Bietet innovative Vending-Konzepte und Automatenlösungen für Unternehmen, inklusive Full-Service-Dienstleistungen.",
0041 41 767 32 31,,,,,SÜDPACK Medica AG,,,,,,suedpack-medica.com,Bietet recyclingfähige Blisterverpackungen für pharmazeutische Produkte.,Pharma-Verpackungen
0049 711 2525 9820,,,,,Concular,,,,,,www.concular.de,"Spezialisiert auf die Entwicklung zirkulärer Materialströme auf Gebäudeebene mithilfe von Software, unterstützt die Bau- und Immobilienwirtschaft bei der Wiederverwendung von Materialien und Produkten.",
0049 208 6580,,,,,Havi Logistics,,,,,,www.havi.com,"Gegründet 1981, bietet Havi Logistikdienstleistungen für die Lebensmittelindustrie, insbesondere für Schnellrestaurants und Convenience-Food-Anbieter, mit Fokus auf nachhaltigen und effizienten Lieferketten.",
0049 6181 30 98 26 27,,,,,BK Vital,,,,,,https://www.bkvital.de/,"?BKVital ist ein auf betriebliche Krankenversicherungen (bKV) spezialisierter Anbieter. Das Unternehmen unterstützt Arbeitgeber dabei, ihren Mitarbeitern zusätzliche Gesundheitsleistungen anzubieten, um die Mitarbeiterbindung zu stärken und die Attraktivität als Arbeitgeber zu erhöhen. BKVital bietet maßgeschneiderte Lösungen für Unternehmen verschiedener Branchen und Größen an.",
0049 221 29 28 26 34,,,,,Lisios,,,,,,lisios.de,Bietet digitale Lösungen für die Immobilienverwaltung und -kommunikation.,PropTech
0049 5551 703-0,,,,,Thimm Group GmbH + Co. KG,,,,,,thimm.com,"Bietet nachhaltige Verpackungslösungen aus Wellpappe, einschließlich Blisterverpackungen.",Verpackungsindustrie
0049 6122 93690,,,,,BMI Deutschland GmbH,,,,,,www.bmigroup.com/de,Anbieter von Dach- und Abdichtungssystemen mit Schwerpunkt auf nachhaltigen und energieeffizienten Lösungen.,
0049 7123 9573990,,,,,Neura Robotics,,,,,,www.neura-robotics.com,Entwickelt kognitive Roboter mit künstlicher Intelligenz für verschiedene Industriezweige.,
0049 800 222 2928,,,,,BauWatch,,,,,,www.bauwatch.de,Spezialisiert auf temporäre Sicherheitslösungen für Baustellen durch mobile Überwachungssysteme.,
0049 893 83 2 920,,,,,abc cross media GmbH,,,,,,abccrossmedia.com,"Agentur mit Fokus auf PIM-Systeme, Print- & Digitalautomatisierung im B2B-Umfeld.",Digitalautomatisierung
0049 7931 493-0,,,,,Wirthwein AG,,,,,,www.wirthwein.de,"Hersteller von Kunststoffkomponenten für verschiedene Branchen, einschließlich Medizintechnik, mit Fokus auf Innovation und Qualität.",
00 49 391 66 2776 30,,,,,Flavura GmbH,,,,,,flavura.de,"Hersteller und Aufsteller von Kaffee- und Vending-Automaten sowie Anbieter von Automatenfüllprodukten wie Kaffee, Getränken und Snacks.",
0049 30 9144 9144,,,,,GastroSmart GmbH,,,,,,https://www.gastro-smart.com/,"Bestellsystem für Pflege, Schulen & Kitas – inkl. Catereranbindung.",Software für Gemeinschaftsverpflegung
0049 30 11223344,,,,,Jina AI,,,,,,jina.ai,Bietet KI-gestützte Suchmodelle für komplexe Datenstrukturen an.,
0049 3677 6897870,,,,,plano WFM,,,,,,plano-wfm.com,Software für effiziente und faire Personaleinsatzplanung in Kliniken und Praxen.,Workforce Management
0049 6222 82 00,,,,,Heidelberger Druckmaschinen AG,,,,,,https://www.heidelberg.com/global/de/index.jsp,"Führender Anbieter von Lösungen und Dienstleistungen für die Druckindustrie, mit Fokus auf digitale Transformation.",
0049 2234 911 410,,,,,Anwaltssoftware.net,,,,,,anwaltssoftware.net,Vergleichsportal für Kanzleisoftware mit Informationen zu Lösungen für Notariate.,Kanzleisoftware
004908821 60301 12,,,,,SimplifyU,,,,,,simplifyu.de,"Bietet eine benutzerfreundliche QM-Software für das Gesundheitswesen mit Funktionen wie Dokumentenlenkung, CIRS sowie Maßnahmen- und Risikomanagement.",
0043 18 90 98 76,,,,,Propster,,,,,,www.propster.tech,"Österreichisches Startup, das eine Plattform für die digitale Kundenbetreuung im Bauwesen anbietet, um die Kommunikation und Planung zu verbessern.",
0049 821 258 580,,,,,C&S Computer und Software GmbH,,,,,,cs-ag.de,"Entwickelt Softwarelösungen für das Sozial- und Gesundheitswesen, einschließlich Pflegedokumentation und Qualitätsmanagement.",
0049 30 20849740,,,,,Atheneum,,,,,,https://www.atheneum.ai/,"B2B-Forschungstechnologie, die Investmentfonds, Beratungsunternehmen und Unternehmen mit Experten weltweit verbindet.",
0049 231 17633-0,,,,,GREEN IT Das Systemhaus GmbH,,,,,,greenit-dp.solutions,"Bietet eine digitale Bauakte zur effizienten Verwaltung von Dokumenten und Prozessen im Bauwesen, um Flexibilität und Effizienz in Bauprojekten zu steigern.",
0043 4213 2040,,,,,Weissenseer Holz-System-Bau GmbH,,,,,,www.weissenseer.com,Anbieter von innovativen Holzbausystemen für energieeffizientes und nachhaltiges Bauen.,
0049 89 121 58 50,,,,,mybits.ai,,,,,,mybits.ai,KI-Software für die Automatisierung betrieblicher Entscheidungsprozesse.,KI & Unternehmenssoftware
0049 531 80 1000,,,,,Streiff & Helmold GmbH,,,,,,streiff.de,Entwickelt robuste Blisterverpackungen mit ansprechendem Design und nachhaltigen Materialien.,Verpackungsindustrie
0049 40 23969454,,,,,easygov,,,,,,https://www.easygov.swiss,Öffentliche Plattform – keine telefonische Akquise möglich,
0049 40 23969456,,,,,Creditreform,,,,,,https://www.creditreform.de,Forderungsmanagement & Bonität – gleiche Branche,
0049 40 99 99 79 21,,,,,Aidhere GmbH,,,,,,aidhere.com,"Anbieter der DiGA ""zanadio"" zur digitalen Adipositastherapie.",Gesundheits-IT
0049 511 165948 48,,,,,medondo AG,,,,,,medondo.com,"Entwickelt digitale Lösungen für Arztpraxen, einschließlich Praxismanagement und Patientenkommunikation.",Gesundheits-IT
00049 5221 8549864,,,,,xpertour GmbH,,,,,,xpertour.de,Bietet Software zur intelligenten Bündelung von Sendungen und optimalen Tourengestaltung für Speditionen.,"Softwareentwicklung, Logistik"
0049 89 51506-600,,,,,G&W Software AG,,,,,,gw-software.de,"Anbieter der AVA-Software CaliforniaX für Ausschreibung, Vergabe und Abrechnung mit BIM-Integration.",Softwareentwicklung
0049 800 79 76 800,,,,,Elaine Technologies GmbH,,,,,,elaine.io,Automatisiertes E-Mail- und Customer Journey Marketing für B2B-Kunden.,Marketing Automation
0049 89 746 43 204,,,,,Graphitsoft,,,,,,https://graphisoft.com/de/archicad,BIM-Software für Architekten zur Erstellung detaillierter 3D-Modelle und effizienter Planungsprozesse.,
0049 30 208498350,,,,,Spryker,,,,,,https://spryker.com/de/,Bietet eine modulare Commerce-Plattform für B2B- und B2C-Unternehmen.,
0049 89 99 74 36 845,,,,,iDWELL,,,,,,idwell.com,Digitale Plattform für Immobilienverwaltung mit CRM- und Kommunikationsfunktionen,PropTech
0049 901 2345678,,,,,Birdie,,,,,,birdie.care,"Entwickelt eine digitale Plattform für ambulante Pflegedienste, die Pflegedokumentation, Tourenplanung und Abrechnung in einer Lösung vereint.",
0049 911 938 546 20,,,,,TOMEY GmbH,,,,,,tomey.de,Spezialist für diagnostische Präzisionsinstrumente in der Ophthalmologie und Optometrie.,Medizintechnik – Ophthalmologie / Augenchirurgie
0049 89 92 99 220,,,,,Vectorworks,,,,,,www.vectorworks.net/de,CAD- und BIM-Software für Architektur und Landschaftsplanung mit flexiblen Design- und Modellierungswerkzeugen.,
0043 1 890 7654,,,,,Payuca GmbH,,,,,,www.payuca.com,"Österreichisches Startup, das digitale Lösungen für die Parkplatzverwaltung anbietet, um die Nutzung von Parkflächen zu optimieren.",
0049 561 220 717 0,,,,,Rehadapt Engineering GmbH,,,,,,rehadapt.com,Halterungssysteme für Kommunikationshilfen & Pflegebedarf,Assistive Technologien
0049 365 51 77 262,,,,,Tractus Team GmbH,,,,,,tractus.info,Tractus Team bietet das digitale ProDoku Dokumenten-Management-System zur zentralen Organisation aller papierbasierten und elektronischen Dokumente.,
0049 89 23 96 94 51,,,,,hanf im glück,,,,,,https://hanf-im-glueck.shop/,Medizinischer hanf /Legaler Hanf,
0049 79 61  92 49 18 0,,,,,Multipac Verpackungen GmbH,,,,,,multipac.de,Entwickelt nachhaltige Blisterverpackungen für verschiedene Branchen.,Verpackungsindustrie
0049 9295 914914,,,,,BetterReply GmbH,,,,,,better-reply.de,KI-gestützte Plattform zur automatisierten Beantwortung von Google-Bewertungen im Unternehmensstil.,IT-Lösungen für medizinische Einrichtungen – Digitalisierung und Patientenkommunikation
0049 7156 96 330,,,,,Kellergroup,,,,,,kellergroup.de,Bietet moderne Tourenoptimierung mit Echtzeit-Tracking und digitaler Disposition für maximale Zeiteinsparung.,Logistikdienstleistungen
0049 761 4514 0,,,,,Pyramid Computer GmbH,,,,,,pyramid-computer.com,"Entwickelt Self-Service-Kiosksysteme und Embedded-PCs für Industrie, Einzelhandel und Gesundheitswesen.","Entwicklung und Produktion von IT-Lösungen, einschließlich Self-Service-Kiosksystemen"
0049 89 9876 5432,,,,,Planstack,,,,,,www.planstack.de,"Entwickelt Softwarelösungen für die digitale Bemusterung und Kommunikation in Bauprojekten, um Prozesse zu optimieren und Fehler zu reduzieren.",
0049 30 398 018 0,,,,,ID Information und Dokumentation im Gesundheitswesen GmbH & Co. KGaA,,,,,,id-berlin.de,"Entwickelt Softwarelösungen für das Gesundheitswesen, einschließlich Tools für die Dienstplanung.",
0041 44 632 42 55,,,,,Oxyle,,,,,,www.oxyle.ch,"Schweizer Unternehmen, das innovative Lösungen zur Entfernung von Schadstoffen aus Abwasser entwickelt, insbesondere für die Industrie.",
0049 9374 97 300,,,,,biocon Medizintechnik GmbH,,,,,,biocon-online.de,"Die biocon Medizintechnik GmbH mit Sitz in Mönchberg (Bayern) ist ein inhabergeführter Hersteller von sterilen und unsterilen Einwegprodukten für den Klinik- und Praxisalltag. Das Unternehmen ist spezialisiert auf individuell zusammengestellte OP-Sets, insbesondere für die Ophthalmologie, sowie medizinische Schlauchsysteme und Produkte für die enterale Ernährung. Die Produktion erfolgt unter strengen Hygiene- und Qualitätsbedingungen am Standort Deutschland.",Medizintechnik – Ophthalmologie / Augenchirurgie
0049 40 79 18 990,,,,,SECO S.p.A.,,,,,,seco.com,Bietet mit der Clea-Plattform eine robuste IoT-Lösung für Edge-MLOps und KI-Modellbereitstellung.,IoT & Edge Computing
0049 6431 40 744 40,,,,,intratool GmbH,,,,,,https://www.intratool.de/,Bietet digitale Tools zur Einsatzplanung und Dokumentation im Gesundheitswesen,Gesundheits-IT / Software
0049 89 262 022 818,,,,,Recup,,,,,,https://recup.de/,"RECUP ist ein Anbieter von Mehrweg-Pfandsystemen für Getränke- und Speiseverpackungen – insbesondere RECUP (Kaffeebecher) und REBOWL (Essensschalen). Ziel ist es, Verpackungsmüll zu reduzieren. Die Produkte werden über ein bundesweites Partnernetzwerk aus Gastronomiebetrieben (Cafés, Restaurants, Kantinen, Bäckereien etc.) angeboten. Der Fokus liegt klar auf Nachhaltigkeit und Kreislaufwirtschaft.",
0043 1 343 4000,,,,,Tool Sesne,,,,,,https://toolsense.io/de/,"ToolSense entwickelt eine cloudbasierte Softwarelösung, mit der Unternehmen ihre Geräte, Maschinen und Anlagen digital verwalten können. Die Plattform ermöglicht es, den gesamten Lebenszyklus von Maschinen zu erfassen – von der Inventarisierung über Wartung und Instandhaltung bis hin zur Einsatzplanung. Durch die Integration von IoT-Geräten können auch Echtzeitdaten wie Laufzeiten oder Fehler automatisch erfasst werden. Ziel ist es, Prozesse zu automatisieren, Transparenz zu schaffen und die Betriebskosten zu senken, besonders in Branchen wie Bau, Facility Management und Industrie.",
0049 40 23969453,,,,,webid-solution,,,,,,https://www.webid-solutions.de,Beide im Bereich digitaler Prozesse & Compliance,
0049 40 41 49 600,,,,,OPHEO Solutions GmbH,,,,,,opheo.com,"Entwickelt OPHEO, eine Plattform für Transportmanagement mit integrierter Tourenplanung und Telematik.","Softwareentwicklung, Logistik"
0049 3641 5733-0,,,,,Pflegeprozessmanager,,,,,,pflegeprozessmanager.de,"Entwickelt eine Software zur Unterstützung des Pflegeprozesses, einschließlich Dokumentation, Planung und Evaluation der Pflegeleistungen.",
0049 43 664 99 87 96 05,,,,,Seven Vending,,,,,,seven-vending.com,"Spezialisiert auf Kaffee-, Kaltgetränke- und Snackautomaten mit über 10 Jahren Markterfahrung, bietet flexible Miet- und Kaufoptionen.",
0049 89 3303 7479-10,,,,,mobiloclean Handelsgruppe GmbH & Co. KG,,,,,,mobiloclean.de,Fachgroßhändler für Reinigungs- und Hygienebedarf mit B2B-Shopsystem und zentraler Abrechnung.,Hygiene & Reinigung
0049 71 51 140,,,,,Syntegon Technology GmbH,,,,,,syntegon.com,"Bietet nachhaltige Verpackungslösungen, einschließlich papierbasierter Blister.",Verpackungsmaschinen
0049 172 69 72 012,,,,,matchory,,,,,,www.matchory.com,"Matchory ist ein deutsches Technologieunternehmen, das eine KI-gestützte Plattform für die globale Lieferantensuche und das strategische Sourcing anbietet. Durch den Einsatz von Big Data und künstlicher Intelligenz ermöglicht Matchory Unternehmen, relevante Lieferanten weltweit in Echtzeit zu identifizieren und fundierte Beschaffungsentscheidungen zu treffen. Die Plattform bietet Funktionen wie Markt- und Lieferantenanalysen, interne Zusammenarbeit und unterstützt Nachhaltigkeits- und Compliance-Ziele.",
0043 316 225 455,,,,,Brickwise,,,,,,www.brickwise.at,"Österreichisches Unternehmen, das eine Plattform für Immobilieninvestitionen entwickelt hat, um den Zugang zu Immobilienprojekten zu erleichtern.",
0049 30 1208 4567,,,,,Kwikset,,,,,,www.kwikset.de,"Bietet digitale Zutrittskontrollsysteme für Baustellen, die Sicherheit und Verwaltung von Zugangsberechtigungen verbessern.",
0049 40 2286 2020,,,,,1Komma5° GmbH,,,,,,www.1komma5grad.com,"Anbieter von Lösungen für klimaneutrales Wohnen, spezialisiert auf Photovoltaik, Wärmepumpen und Ladeinfrastruktur für Elektrofahrzeuge.",
0049 302 08 48 230,,,,,gilspa,,,,,,https://www.glispa.com/,"Ähnelt vidify.me // Glispa ist ein internationales AdTech-Unternehmen, das sich auf Mobile Performance Marketing spezialisiert hat. Es bietet insbesondere Programmatic Advertising, User Acquisition und App-Monetarisierung für mobile Anwendungen an. Die Zielgruppe besteht in erster Linie aus App-Entwicklern, Agenturen und Marken, die ihre mobilen Kampagnen skalieren möchten",
0049 9352 180,,,,,rexroth,,,,,,https://www.boschrexroth.com/,"?Die Bosch Rexroth AG ist ein führender Anbieter von Antriebs- und Steuerungstechnologien mit Sitz in Stuttgart, Deutschland, und Hauptverwaltung in Lohr am Main. Das Unternehmen entstand 2001 durch den Zusammenschluss der Mannesmann Rexroth AG mit dem Geschäftsbereich Automatisierungstechnik von Bosch und ist eine 100-prozentige Tochter der Robert Bosch GmbH.",
0049 151-11036184,,,,,Security Robotics GmbH,,,,,,security-robotics.de,"Entwickelt autonome Robotertechnologien zur Prozessoptimierung in Logistik, Produktion und Sicherheit.",Robotik & autonome Systeme
0043 1 361 85 00,,,,,BauMaster,,,,,,https://bau-master.com/,"Bietet eine digitale Plattform für effizientes Baumanagement, einschließlich Dokumentation und Kommunikation.",
0049 30 22 18 40 880,,,,,DeskFlex Inc.,,,,,,deskflex.com,"Entwickelt effiziente Raumplanungssoftware für Krankenhäuser, um Ressourcen wie Untersuchungsräume, Operationssäle und Konferenzräume effektiv zu verwalten.",
0049 7161 37117,,,,,Confinerie bosch,,,,,,https://www.confiserie-bosch.de/,Chocolatier,
0049 40 52 1000,,,,,Schülke & Mayr GmbH,,,,,,schuelke.com,Anbieter von Infektionsprävention und Hygieneprodukten für professionelle Anwendungen.,Infektionsprävention
0049 456 7890123,,,,,PflegeOffice,,,,,,pflegeoffice.de,"Entwickelt eine Software für Pflegedokumentation und -planung, die den Pflegeprozess digital unterstützt.",
0049 89 215 285 0,,,,,Sitelife,,,,,,https://www.sitelife.de/,Bietet eine Plattform für digitales Baustellenmanagement und -dokumentation mit Fokus auf Prozessoptimierung.,
0049 641 98210-700,,,,,ibo Software GmbH,,,,,,ibo.de,"Bietet ibo netProject, eine Software für Multiprojektmanagement und Projektcontrolling.",Softwareentwicklung
0049 8342 969 640,,,,,Sauer Software GmbH,,,,,,sauer-os.de,Entwickelt Speditionssoftware mit integrierter Tourenplanung und Disposition für Logistikunternehmen.,"Softwareentwicklung, Logistik"
0049 30 220 560 700,,,,,voize GmbH,,,,,,voize.de,"Bietet eine Sprachsoftware zur Pflegedokumentation, die Pflegekräften ermöglicht, Dokumentationen per Spracheingabe zu erstellen.",
0049 2571 92901,,,,,LIS AG,,,,,,lis.eu,Entwickelt Speditionssoftware mit integrierter automatischer Tourenplanung für Logistiker und Versandhändler.,"Softwareentwicklung, Logistik"
049 30 33445566,,,,,Qdrant,,,,,,qdrant.tech,Entwickelt Vektordatenbanken zur Unterstützung von KI-Softwareentwicklungen.,
0049 234 298796 0,,,,,cosinex GmbH,,,,,,cosinex.de,Anbieter des Vergabemanagementsystems (VMS) für öffentliche Auftraggeber zur digitalen Abwicklung von Vergabeverfahren.,Softwareentwicklung
0049 761 151 47 0,,,,,Jedox AG,,,,,,jedox.com,"Entwickelt integrierte Lösungen für Planung, Analyse und Reporting.",Unternehmenssoftware
0049 8141 52710,,,,,Stumbaum GmbH,,,,,,www.stumbaum.de,Digitalisierte Bau- und Haustechnikleistungen.,
0049 731 93 40 96 0,,,,,ALFAPLAn GmbH,,,,,,alfaplan.de,Spezialisiert auf automatische Tourenplanung und Logistikoptimierung mit visueller Darstellung.,Logistiksoftware
0049 911 968 360,,,,,MID GmbH,,,,,,mid.de,Spezialisiert auf Modellierungswerkzeuge für Geschäftsprozesse und Datenarchitekturen.,Softwareentwicklung
0049 241 60 95 95 00,,,,,gts systems and consulting GmbH,,,,,,gts-systems.com,Bietet Softwarelösungen für effiziente Tourenplanung und -optimierung in der Logistikbranche.,"Softwareentwicklung, IT-Beratung"
0041 34 409 10 10,,,,,Vögeli AG,,,,,,voegeli.ch,Produziert Verpackungen nach Cradle to Cradle Certified® GOLD-Standard.,Verpackungsindustrie
0049 7121 123456,,,,,Baupilot,,,,,,www.baupilot.com,"Bietet eine digitale Plattform für die effiziente Planung und Abwicklung von Bauprojekten, insbesondere für Kommunen und Bauträger.",
0041 44 804 14 14,,,,,Boxler Informatik AG,,,,,,https://www.boxler.com/,"PKSMenu für Spitäler & Heime: Menüerfassung, Planung, Dokumentation.",IT für Gesundheitswesen (CH)
0049 89 20 70 28 84,,,,,Doctolib GmbH,,,,,,doctolib.de,Bietet eine Plattform für Online-Terminbuchungen und Videosprechstunden.,Gesundheits-IT
0049 911 580 668 0,,,,,SENSO® Dokumentation,,,,,,develop-group.de,"Bietet eine umfassende Lösung für die Pflegedokumentation, die speziell auf die Bedürfnisse der Altenhilfe zugeschnitten ist.",
0049 7121 9000,,,,,Manz,,,,,,https://www.manz.com/,"Hightech-Maschinenbauunternehmen mit Sitz in Reutlingen, Deutschland, das 1987 gegründet wurde. Das Unternehmen bietet Produktionslösungen für verschiedene Branchen, darunter Automobilindustrie, Elektromobilität, Batteriefertigung, Elektronik, Energie und Medizintechnik.",
0049 30 311 980 000,,,,,Billie,,,,,,https://www.billie.io/,"FinTech-Startup, das KMUs innovative Kreditprodukte anbietet, um bessere Zahlungsbedingungen zu sichern.",
0049 89 452 457 50,,,,,tacterion,,,,,,tacterion.com,"Entwickelt flexible Sensoren für Touch-Erkennung auf gekrümmten Oberflächen, z.?B. für Maschinenbedienung.",Entwicklung von taktilen Sensortechnologien
0049 567 8901234,,,,,CareMan,,,,,,careman.de,"Bietet Softwarelösungen für Pflegedienste und Rettungsdienste, einschließlich Dokumentation und Abrechnung.",
0040 468 95 80 20,,,,,Bau Task,,,,,,www.bautask.de,"Deutsches Startup, das eine App für digitales Aufgabenmanagement auf Baustellen anbietet, um die Zusammenarbeit zu verbessern.",
0049 228 763 64 101,,,,,seerene,,,,,,seerene.com,"Die Scopevisio AG bietet eine cloudbasierte ERP-Unternehmenssoftware an, die Unternehmen bei der Digitalisierung und Automatisierung ihrer Geschäftsprozesse unterstützt. Die Lösung umfasst Module für Organisation, Finanzen, Vertrieb, Personal und mehr. Scopevisio positioniert sich als Partner für den Mittelstand und legt Wert auf echte Partnerschaft und Kommunikation auf Augenhöhe.",
0049 6151 94 76 0,,,,,Architext Software GmbH,,,,,,architext.de,"Entwickler der AVA-Software Pallas für Ausschreibung, Vergabe und Abrechnung nach GAEB-Standard.",Softwareentwicklung
0049 5121 28 29 19 208,,,,,Connext Vivendi,,,,,,connext.de,"Bietet mit Vivendi eine Softwarelösung für das Sozial- und Gesundheitswesen, die Module für Pflegedokumentation, Abrechnung und Qualitätsmanagement enthält.",
0049 340 230 33 66,,,,,Betriebsmittel-Verwaltung.de,,,,,,betriebsmittel-verwaltung.de,Digitale Plattform zur zentralen Maschinen- und Betriebsmittelverwaltung mit Nutzerverwaltung.,Softwareentwicklung
0049 9673 92 14 0,,,,,IGZ-Unternehmensgruppe,,,,,,www.igz.com,"Anbieter von hochautomatisierten Logistik- und IT-Systemen, spezialisiert auf die Planung und Realisierung von Softwarelösungen für Lager, Automation, Produktion und Transport auf Basis von SAP-Standardsoftware.",
